Argentina,Buenos Aires,25 de Mayo
Argentina,Buenos Aires,3 de febrero
Argentina,Buenos Aires,A. Alsina
Argentina,Buenos Aires,A. Gonzáles Cháves
Argentina,Buenos Aires,Aguas Verdes
Argentina,Buenos Aires,Alberti
Argentina,Buenos Aires,Arrecifes
Argentina,Buenos Aires,Ayacucho
Argentina,Buenos Aires,Azul
Argentina,Buenos Aires,Bahía Blanca
Argentina,Buenos Aires,Balcarce
Argentina,Buenos Aires,Baradero
Argentina,Buenos Aires,Benito Juárez
Argentina,Buenos Aires,Berisso
Argentina,Buenos Aires,Bolívar
Argentina,Buenos Aires,Bragado
Argentina,Buenos Aires,Brandsen
Argentina,Buenos Aires,Campana
Argentina,Buenos Aires,Cañuelas
Argentina,Buenos Aires,Capilla del Señor
Argentina,Buenos Aires,Capitán Sarmiento
Argentina,Buenos Aires,Carapachay
Argentina,Buenos Aires,Carhue
Argentina,Buenos Aires,Cariló
Argentina,Buenos Aires,Carlos Casares
Argentina,Buenos Aires,Carlos Tejedor
Argentina,Buenos Aires,Carmen de Areco
Argentina,Buenos Aires,Carmen de Patagones
Argentina,Buenos Aires,Castelli
Argentina,Buenos Aires,Chacabuco
Argentina,Buenos Aires,Chascomús
Argentina,Buenos Aires,Chivilcoy
Argentina,Buenos Aires,Colón
Argentina,Buenos Aires,Coronel Dorrego
Argentina,Buenos Aires,Coronel Pringles
Argentina,Buenos Aires,Coronel Rosales
Argentina,Buenos Aires,Coronel Suarez
Argentina,Buenos Aires,Costa Azul
Argentina,Buenos Aires,Costa Chica
Argentina,Buenos Aires,Costa del Este
Argentina,Buenos Aires,Costa Esmeralda
Argentina,Buenos Aires,Daireaux
Argentina,Buenos Aires,Darregueira
Argentina,Buenos Aires,Del Viso
Argentina,Buenos Aires,Dolores
Argentina,Buenos Aires,Don Torcuato
Argentina,Buenos Aires,Ensenada
Argentina,Buenos Aires,Escobar
Argentina,Buenos Aires,Exaltación de la Cruz
Argentina,Buenos Aires,Florentino Ameghino
Argentina,Buenos Aires,Garín
Argentina,Buenos Aires,Gral. Alvarado
Argentina,Buenos Aires,Gral. Alvear
Argentina,Buenos Aires,Gral. Arenales
Argentina,Buenos Aires,Gral. Belgrano
Argentina,Buenos Aires,Gral. Guido
Argentina,Buenos Aires,Gral. Lamadrid
Argentina,Buenos Aires,Gral. Las Heras
Argentina,Buenos Aires,Gral. Lavalle
Argentina,Buenos Aires,Gral. Madariaga
Argentina,Buenos Aires,Gral. Pacheco
Argentina,Buenos Aires,Gral. Paz
Argentina,Buenos Aires,Gral. Pinto
Argentina,Buenos Aires,Gral. Pueyrredón
Argentina,Buenos Aires,Gral. Rodríguez
Argentina,Buenos Aires,Gral. Viamonte
Argentina,Buenos Aires,Gral. Villegas
Argentina,Buenos Aires,Guaminí
Argentina,Buenos Aires,Guernica
Argentina,Buenos Aires,Hipólito Yrigoyen
Argentina,Buenos Aires,Ing. Maschwitz
Argentina,Buenos Aires,Junín
Argentina,Buenos Aires,La Plata
Argentina,Buenos Aires,Laprida
Argentina,Buenos Aires,Las Flores
Argentina,Buenos Aires,Las Toninas
Argentina,Buenos Aires,Leandro N. Alem
Argentina,Buenos Aires,Lincoln
Argentina,Buenos Aires,Loberia
Argentina,Buenos Aires,Lobos
Argentina,Buenos Aires,Los Cardales
Argentina,Buenos Aires,Los Toldos
Argentina,Buenos Aires,Lucila del Mar
Argentina,Buenos Aires,Luján
Argentina,Buenos Aires,Magdalena
Argentina,Buenos Aires,Maipú
Argentina,Buenos Aires,Mar Chiquita
Argentina,Buenos Aires,Mar de Ajó
Argentina,Buenos Aires,Mar de las Pampas
Argentina,Buenos Aires,Mar del Plata
Argentina,Buenos Aires,Mar del Tuyú
Argentina,Buenos Aires,Marcos Paz
Argentina,Buenos Aires,Mercedes
Argentina,Buenos Aires,Miramar
Argentina,Buenos Aires,Monte
Argentina,Buenos Aires,Monte Hermoso
Argentina,Buenos Aires,Munro
Argentina,Buenos Aires,Navarro
Argentina,Buenos Aires,Necochea
Argentina,Buenos Aires,Olavarría
Argentina,Buenos Aires,Partido de la Costa
Argentina,Buenos Aires,Pehuajó
Argentina,Buenos Aires,Pellegrini
Argentina,Buenos Aires,Pergamino
Argentina,Buenos Aires,Pigüé
Argentina,Buenos Aires,Pila
Argentina,Buenos Aires,Pilar
Argentina,Buenos Aires,Pinamar
Argentina,Buenos Aires,Pinar del Sol
Argentina,Buenos Aires,Polvorines
Argentina,Buenos Aires,Pte. Perón
Argentina,Buenos Aires,Puán
Argentina,Buenos Aires,Punta Indio
Argentina,Buenos Aires,Ramallo
Argentina,Buenos Aires,Rauch
Argentina,Buenos Aires,Rivadavia
Argentina,Buenos Aires,Rojas
Argentina,Buenos Aires,Roque Pérez
Argentina,Buenos Aires,Saavedra
Argentina,Buenos Aires,Saladillo
Argentina,Buenos Aires,Salliqueló
Argentina,Buenos Aires,Salto
Argentina,Buenos Aires,San Andrés de Giles
Argentina,Buenos Aires,San Antonio de Areco
Argentina,Buenos Aires,San Antonio de Padua
Argentina,Buenos Aires,San Bernardo
Argentina,Buenos Aires,San Cayetano
Argentina,Buenos Aires,San Clemente del Tuyú
Argentina,Buenos Aires,San Nicolás
Argentina,Buenos Aires,San Pedro
Argentina,Buenos Aires,San Vicente
Argentina,Buenos Aires,Santa Teresita
Argentina,Buenos Aires,Suipacha
Argentina,Buenos Aires,Tandil
Argentina,Buenos Aires,Tapalqué
Argentina,Buenos Aires,Tordillo
Argentina,Buenos Aires,Tornquist
Argentina,Buenos Aires,Trenque Lauquen
Argentina,Buenos Aires,Tres Lomas
Argentina,Buenos Aires,Villa Gesell
Argentina,Buenos Aires,Villarino
Argentina,Buenos Aires,Zárate
Argentina,Buenos Aires-GBA,11 de Septiembre
Argentina,Buenos Aires-GBA,20 de Junio
Argentina,Buenos Aires-GBA,25 de Mayo
Argentina,Buenos Aires-GBA,Acassuso
Argentina,Buenos Aires-GBA,Adrogué
Argentina,Buenos Aires-GBA,Aldo Bonzi
Argentina,Buenos Aires-GBA,Área Reserva Cinturón Ecológico
Argentina,Buenos Aires-GBA,Avellaneda
Argentina,Buenos Aires-GBA,Banfield
Argentina,Buenos Aires-GBA,Barrio Parque
Argentina,Buenos Aires-GBA,Barrio Santa Teresita
Argentina,Buenos Aires-GBA,Beccar
Argentina,Buenos Aires-GBA,Bella Vista
Argentina,Buenos Aires-GBA,Berazategui
Argentina,Buenos Aires-GBA,Bernal Este
Argentina,Buenos Aires-GBA,Bernal Oeste
Argentina,Buenos Aires-GBA,Billinghurst
Argentina,Buenos Aires-GBA,Boulogne
Argentina,Buenos Aires-GBA,Burzaco
Argentina,Buenos Aires-GBA,Carapachay
Argentina,Buenos Aires-GBA,Caseros
Argentina,Buenos Aires-GBA,Castelar
Argentina,Buenos Aires-GBA,Churruca
Argentina,Buenos Aires-GBA,Ciudad Evita
Argentina,Buenos Aires-GBA,Ciudad Madero
Argentina,Buenos Aires-GBA,Ciudadela
Argentina,Buenos Aires-GBA,Claypole
Argentina,Buenos Aires-GBA,Crucecita
Argentina,Buenos Aires-GBA,Dock Sud
Argentina,Buenos Aires-GBA,Don Bosco
Argentina,Buenos Aires-GBA,Don Orione
Argentina,Buenos Aires-GBA,El Jagüel
Argentina,Buenos Aires-GBA,El Libertador
Argentina,Buenos Aires-GBA,El Palomar
Argentina,Buenos Aires-GBA,El Tala
Argentina,Buenos Aires-GBA,El Trébol
Argentina,Buenos Aires-GBA,Ezeiza
Argentina,Buenos Aires-GBA,Ezpeleta
Argentina,Buenos Aires-GBA,Florencio Varela
Argentina,Buenos Aires-GBA,Florida
Argentina,Buenos Aires-GBA,Francisco Álvarez
Argentina,Buenos Aires-GBA,Gerli
Argentina,Buenos Aires-GBA,Glew
Argentina,Buenos Aires-GBA,González Catán
Argentina,Buenos Aires-GBA,Gral. Lamadrid
Argentina,Buenos Aires-GBA,Grand Bourg
Argentina,Buenos Aires-GBA,Gregorio de Laferrere
Argentina,Buenos Aires-GBA,Guillermo Enrique Hudson
Argentina,Buenos Aires-GBA,Haedo
Argentina,Buenos Aires-GBA,Hurlingham
Argentina,Buenos Aires-GBA,Ing. Sourdeaux
Argentina,Buenos Aires-GBA,Isidro Casanova
Argentina,Buenos Aires-GBA,Ituzaingó
Argentina,Buenos Aires-GBA,José C. Paz
Argentina,Buenos Aires-GBA,José Ingenieros
Argentina,Buenos Aires-GBA,José Marmol
Argentina,Buenos Aires-GBA,La Lucila
Argentina,Buenos Aires-GBA,La Reja
Argentina,Buenos Aires-GBA,La Tablada
Argentina,Buenos Aires-GBA,Lanús
Argentina,Buenos Aires-GBA,Llavallol
Argentina,Buenos Aires-GBA,Loma Hermosa
Argentina,Buenos Aires-GBA,Lomas de Zamora
Argentina,Buenos Aires-GBA,Lomas del Millón
Argentina,Buenos Aires-GBA,Lomas del Mirador
Argentina,Buenos Aires-GBA,Longchamps
Argentina,Buenos Aires-GBA,Los Polvorines
Argentina,Buenos Aires-GBA,Luis Guillón
Argentina,Buenos Aires-GBA,Malvinas Argentinas
Argentina,Buenos Aires-GBA,Martín Coronado
Argentina,Buenos Aires-GBA,Martínez
Argentina,Buenos Aires-GBA,Merlo
Argentina,Buenos Aires-GBA,Ministro Rivadavia
Argentina,Buenos Aires-GBA,Monte Chingolo
Argentina,Buenos Aires-GBA,Monte Grande
Argentina,Buenos Aires-GBA,Moreno
Argentina,Buenos Aires-GBA,Morón
Argentina,Buenos Aires-GBA,Muñiz
Argentina,Buenos Aires-GBA,Olivos
Argentina,Buenos Aires-GBA,Pablo Nogués
Argentina,Buenos Aires-GBA,Pablo Podestá
Argentina,Buenos Aires-GBA,Paso del Rey
Argentina,Buenos Aires-GBA,Pereyra
Argentina,Buenos Aires-GBA,Piñeiro
Argentina,Buenos Aires-GBA,Plátanos
Argentina,Buenos Aires-GBA,Pontevedra
Argentina,Buenos Aires-GBA,Quilmes
Argentina,Buenos Aires-GBA,Rafael Calzada
Argentina,Buenos Aires-GBA,Rafael Castillo
Argentina,Buenos Aires-GBA,Ramos Mejía
Argentina,Buenos Aires-GBA,Ranelagh
Argentina,Buenos Aires-GBA,Remedios de Escalada
Argentina,Buenos Aires-GBA,Sáenz Peña
Argentina,Buenos Aires-GBA,San Antonio de Padua
Argentina,Buenos Aires-GBA,San Fernando
Argentina,Buenos Aires-GBA,San Francisco Solano
Argentina,Buenos Aires-GBA,San Isidro
Argentina,Buenos Aires-GBA,San José
Argentina,Buenos Aires-GBA,San Justo
Argentina,Buenos Aires-GBA,San Martín
Argentina,Buenos Aires-GBA,San Miguel
Argentina,Buenos Aires-GBA,Santos Lugares
Argentina,Buenos Aires-GBA,Sarandí
Argentina,Buenos Aires-GBA,Sourigues
Argentina,Buenos Aires-GBA,Tapiales
Argentina,Buenos Aires-GBA,Temperley
Argentina,Buenos Aires-GBA,Tigre
Argentina,Buenos Aires-GBA,Tortuguitas
Argentina,Buenos Aires-GBA,Tristán Suárez
Argentina,Buenos Aires-GBA,Trujui
Argentina,Buenos Aires-GBA,Turdera
Argentina,Buenos Aires-GBA,Valentín Alsina
Argentina,Buenos Aires-GBA,Vicente López
Argentina,Buenos Aires-GBA,Villa Adelina
Argentina,Buenos Aires-GBA,Villa Ballester
Argentina,Buenos Aires-GBA,Villa Bosch
Argentina,Buenos Aires-GBA,Villa Caraza
Argentina,Buenos Aires-GBA,Villa Celina
Argentina,Buenos Aires-GBA,Villa Centenario
Argentina,Buenos Aires-GBA,Villa de Mayo
Argentina,Buenos Aires-GBA,Villa Diamante
Argentina,Buenos Aires-GBA,Villa Domínico
Argentina,Buenos Aires-GBA,Villa España
Argentina,Buenos Aires-GBA,Villa Fiorito
Argentina,Buenos Aires-GBA,Villa Guillermina
Argentina,Buenos Aires-GBA,Villa Insuperable
Argentina,Buenos Aires-GBA,Villa José León Suárez
Argentina,Buenos Aires-GBA,Villa La Florida
Argentina,Buenos Aires-GBA,Villa Luzuriaga
Argentina,Buenos Aires-GBA,Villa Martelli
Argentina,Buenos Aires-GBA,Villa Obrera
Argentina,Buenos Aires-GBA,Villa Progreso
Argentina,Buenos Aires-GBA,Villa Raffo
Argentina,Buenos Aires-GBA,Villa Sarmiento
Argentina,Buenos Aires-GBA,Villa Tesei
Argentina,Buenos Aires-GBA,Villa Udaondo
Argentina,Buenos Aires-GBA,Virrey del Pino
Argentina,Buenos Aires-GBA,Wilde
Argentina,Buenos Aires-GBA,William Morris
Argentina,Capital Federal,Agronomía
Argentina,Capital Federal,Almagro
Argentina,Capital Federal,Balvanera
Argentina,Capital Federal,Barracas
Argentina,Capital Federal,Belgrano
Argentina,Capital Federal,Boca
Argentina,Capital Federal,Boedo
Argentina,Capital Federal,Caballito
Argentina,Capital Federal,Chacarita
Argentina,Capital Federal,Coghlan
Argentina,Capital Federal,Colegiales
Argentina,Capital Federal,Constitución
Argentina,Capital Federal,Flores
Argentina,Capital Federal,Floresta
Argentina,Capital Federal,La Paternal
Argentina,Capital Federal,Liniers
Argentina,Capital Federal,Mataderos
Argentina,Capital Federal,Monserrat
Argentina,Capital Federal,Monte Castro
Argentina,Capital Federal,Nueva Pompeya
Argentina,Capital Federal,Núñez
Argentina,Capital Federal,Palermo
Argentina,Capital Federal,Parque Avellaneda
Argentina,Capital Federal,Parque Chacabuco
Argentina,Capital Federal,Parque Chas
Argentina,Capital Federal,Parque Patricios
Argentina,Capital Federal,Puerto Madero
Argentina,Capital Federal,Recoleta
Argentina,Capital Federal,Retiro
Argentina,Capital Federal,Saavedra
Argentina,Capital Federal,San Cristóbal
Argentina,Capital Federal,San Nicolás
Argentina,Capital Federal,San Telmo
Argentina,Capital Federal,Vélez Sársfield
Argentina,Capital Federal,Versalles
Argentina,Capital Federal,Villa Crespo
Argentina,Capital Federal,Villa del Parque
Argentina,Capital Federal,Villa Devoto
Argentina,Capital Federal,Villa Gral. Mitre
Argentina,Capital Federal,Villa Lugano
Argentina,Capital Federal,Villa Luro
Argentina,Capital Federal,Villa Ortúzar
Argentina,Capital Federal,Villa Pueyrredón
Argentina,Capital Federal,Villa Real
Argentina,Capital Federal,Villa Riachuelo
Argentina,Capital Federal,Villa Santa Rita
Argentina,Capital Federal,Villa Soldati
Argentina,Capital Federal,Villa Urquiza
Argentina,Catamarca,Aconquija
Argentina,Catamarca,Ancasti
Argentina,Catamarca,Andalgalá
Argentina,Catamarca,Antofagasta
Argentina,Catamarca,Belén
Argentina,Catamarca,Capayán
Argentina,Catamarca,Capital
Argentina,Catamarca,Catamarca
Argentina,Catamarca,Corral Quemado
Argentina,Catamarca,El Alto
Argentina,Catamarca,El Rodeo
Argentina,Catamarca,F.Mamerto Esquiú
Argentina,Catamarca,Fiambalá
Argentina,Catamarca,Hualfín
Argentina,Catamarca,Huillapima
Argentina,Catamarca,Icaño
Argentina,Catamarca,La Puerta
Argentina,Catamarca,Las Juntas
Argentina,Catamarca,Londres
Argentina,Catamarca,Los Altos
Argentina,Catamarca,Los Varela
Argentina,Catamarca,Mutquín
Argentina,Catamarca,Paclín
Argentina,Catamarca,Poman
Argentina,Catamarca,Pozo de La Piedra
Argentina,Catamarca,Puerta de Corral
Argentina,Catamarca,Puerta San José
Argentina,Catamarca,Recreo
Argentina,Catamarca,S.F.V de Catamarca
Argentina,Catamarca,San Fernando
Argentina,Catamarca,San Fernando del Valle
Argentina,Catamarca,San José
Argentina,Catamarca,Santa María
Argentina,Catamarca,Santa Rosa
Argentina,Catamarca,Saujil
Argentina,Catamarca,Tapso
Argentina,Catamarca,Tinogasta
Argentina,Catamarca,Valle Viejo
Argentina,Catamarca,Villa Vil
Argentina,Chaco,Aviá Teraí
Argentina,Chaco,Barranqueras
Argentina,Chaco,Basail
Argentina,Chaco,Campo Largo
Argentina,Chaco,Capital
Argentina,Chaco,Capitán Solari
Argentina,Chaco,Charadai
Argentina,Chaco,Charata
Argentina,Chaco,Chorotis
Argentina,Chaco,Ciervo Petiso
Argentina,Chaco,Cnel. Du Graty
Argentina,Chaco,Col. Benítez
Argentina,Chaco,Col. Elisa
Argentina,Chaco,Col. Popular
Argentina,Chaco,Colonias Unidas
Argentina,Chaco,Concepción
Argentina,Chaco,Corzuela
Argentina,Chaco,Cote Lai
Argentina,Chaco,El Sauzalito
Argentina,Chaco,Enrique Urien
Argentina,Chaco,Fontana
Argentina,Chaco,Fte. Esperanza
Argentina,Chaco,Gancedo
Argentina,Chaco,Gral. Capdevila
Argentina,Chaco,Gral. Pinero
Argentina,Chaco,Gral. San Martín
Argentina,Chaco,Gral. Vedia
Argentina,Chaco,Hermoso Campo
Argentina,Chaco,I. del Cerrito
Argentina,Chaco,J.J. Castelli
Argentina,Chaco,La Clotilde
Argentina,Chaco,La Eduvigis
Argentina,Chaco,La Escondida
Argentina,Chaco,La Leonesa
Argentina,Chaco,La Tigra
Argentina,Chaco,La Verde
Argentina,Chaco,Laguna Blanca
Argentina,Chaco,Laguna Limpia
Argentina,Chaco,Lapachito
Argentina,Chaco,Las Breñas
Argentina,Chaco,Las Garcitas
Argentina,Chaco,Las Palmas
Argentina,Chaco,Los Frentones
Argentina,Chaco,Machagai
Argentina,Chaco,Makallé
Argentina,Chaco,Margarita Belén
Argentina,Chaco,Miraflores
Argentina,Chaco,Misión N. Pompeya
Argentina,Chaco,Napenay
Argentina,Chaco,Pampa Almirón
Argentina,Chaco,Pampa del Indio
Argentina,Chaco,Pampa del Infierno
Argentina,Chaco,Pdcia. de La Plaza
Argentina,Chaco,Pdcia. Roca
Argentina,Chaco,Pdcia. Roque Sáenz Peña
Argentina,Chaco,Pto. Bermejo
Argentina,Chaco,Pto. Eva Perón
Argentina,Chaco,Puero Tirol
Argentina,Chaco,Puerto Vilelas
Argentina,Chaco,Quitilipi
Argentina,Chaco,Resistencia
Argentina,Chaco,Sáenz Peña
Argentina,Chaco,Samuhú
Argentina,Chaco,San Bernardo
Argentina,Chaco,Santa Sylvina
Argentina,Chaco,Taco Pozo
Argentina,Chaco,Tres Isletas
Argentina,Chaco,Villa Ángela
Argentina,Chaco,Villa Berthet
Argentina,Chaco,Villa R. Bermejito
Argentina,Chubut,Aldea Apeleg
Argentina,Chubut,Aldea Beleiro
Argentina,Chubut,Aldea Epulef
Argentina,Chubut,Alto Río Sengerr
Argentina,Chubut,Buen Pasto
Argentina,Chubut,Camarones
Argentina,Chubut,Carrenleufú
Argentina,Chubut,Cholila
Argentina,Chubut,Co. Centinela
Argentina,Chubut,Colan Conhué
Argentina,Chubut,Comodoro Rivadavia
Argentina,Chubut,Corcovado
Argentina,Chubut,Cushamen
Argentina,Chubut,Dique F. Ameghino
Argentina,Chubut,Dolavón
Argentina,Chubut,Dr. R. Rojas
Argentina,Chubut,El Hoyo
Argentina,Chubut,El Maitén
Argentina,Chubut,Epuyén
Argentina,Chubut,Esquel
Argentina,Chubut,Facundo
Argentina,Chubut,Gaimán
Argentina,Chubut,Gan Gan
Argentina,Chubut,Gastre
Argentina,Chubut,Gdor. Costa
Argentina,Chubut,Gualjaina
Argentina,Chubut,J. de San Martín
Argentina,Chubut,Lago Blanco
Argentina,Chubut,Lago Puelo
Argentina,Chubut,Lagunita Salada
Argentina,Chubut,Las Plumas
Argentina,Chubut,Los Altares
Argentina,Chubut,Paso de los Indios
Argentina,Chubut,Paso del Sapo
Argentina,Chubut,Pto. Madryn
Argentina,Chubut,Pto. Pirámides
Argentina,Chubut,Rada Tilly
Argentina,Chubut,Rawson
Argentina,Chubut,Río Mayo
Argentina,Chubut,Río Pico
Argentina,Chubut,Sarmiento
Argentina,Chubut,Tecka
Argentina,Chubut,Telsen
Argentina,Chubut,Trelew
Argentina,Chubut,Trevelin
Argentina,Chubut,Veintiocho de Julio
Argentina,Córdoba,Achiras
Argentina,Córdoba,Adelia Maria
Argentina,Córdoba,Agua de Oro
Argentina,Córdoba,Alcira Gigena
Argentina,Córdoba,Aldea Santa Maria
Argentina,Córdoba,Alejandro Roca
Argentina,Córdoba,Alejo Ledesma
Argentina,Córdoba,Alicia
Argentina,Córdoba,Almafuerte
Argentina,Córdoba,Alpa Corral
Argentina,Córdoba,Alta Gracia
Argentina,Córdoba,Alto Alegre
Argentina,Córdoba,Alto de Los Quebrachos
Argentina,Córdoba,Altos de Chipion
Argentina,Córdoba,Amboy
Argentina,Córdoba,Ambul
Argentina,Córdoba,Ana Zumaran
Argentina,Córdoba,Anisacate
Argentina,Córdoba,Arguello
Argentina,Córdoba,Arias
Argentina,Córdoba,Arroyito
Argentina,Córdoba,Arroyo Algodon
Argentina,Córdoba,Arroyo Cabral
Argentina,Córdoba,Arroyo Los Patos
Argentina,Córdoba,Assunta
Argentina,Córdoba,Atahona
Argentina,Córdoba,Ausonia
Argentina,Córdoba,Avellaneda
Argentina,Córdoba,Ballesteros
Argentina,Córdoba,Ballesteros Sud
Argentina,Córdoba,Balnearia
Argentina,Córdoba,Bañado de Soto
Argentina,Córdoba,Bell Ville
Argentina,Córdoba,Bengolea
Argentina,Córdoba,Benjamin Gould
Argentina,Córdoba,Berrotaran
Argentina,Córdoba,Bialet Masse
Argentina,Córdoba,Bouwer
Argentina,Córdoba,Brinkmann
Argentina,Córdoba,Buchardo
Argentina,Córdoba,Bulnes
Argentina,Córdoba,Cabalango
Argentina,Córdoba,Calamuchita
Argentina,Córdoba,Calchin
Argentina,Córdoba,Calchin Oeste
Argentina,Córdoba,Calmayo
Argentina,Córdoba,Camilo Aldao
Argentina,Córdoba,Caminiaga
Argentina,Córdoba,Cañada de Luque
Argentina,Córdoba,Cañada de Machado
Argentina,Córdoba,Cañada de Rio Pinto
Argentina,Córdoba,Cañada del Sauce
Argentina,Córdoba,Canals
Argentina,Córdoba,Candelaria Sud
Argentina,Córdoba,Capilla de Remedios
Argentina,Córdoba,Capilla de Siton
Argentina,Córdoba,Capilla del Carmen
Argentina,Córdoba,Capilla del Monte
Argentina,Córdoba,Capital
Argentina,Córdoba,Capitan Gral B. O´Higgins
Argentina,Córdoba,Carnerillo
Argentina,Córdoba,Carrilobo
Argentina,Córdoba,Casa Grande
Argentina,Córdoba,Cavanagh
Argentina,Córdoba,Cerro Colorado
Argentina,Córdoba,Chaján
Argentina,Córdoba,Chalacea
Argentina,Córdoba,Chañar Viejo
Argentina,Córdoba,Chancaní
Argentina,Córdoba,Charbonier
Argentina,Córdoba,Charras
Argentina,Córdoba,Chazón
Argentina,Córdoba,Chilibroste
Argentina,Córdoba,Chucul
Argentina,Córdoba,Chuña
Argentina,Córdoba,Chuña Huasi
Argentina,Córdoba,Churqui Cañada
Argentina,Córdoba,Cienaga Del Coro
Argentina,Córdoba,Cintra
Argentina,Córdoba,Col. Almada
Argentina,Córdoba,Col. Anita
Argentina,Córdoba,Col. Barge
Argentina,Córdoba,Col. Bismark
Argentina,Córdoba,Col. Bremen
Argentina,Córdoba,Col. Caroya
Argentina,Córdoba,Col. Italiana
Argentina,Córdoba,Col. Iturraspe
Argentina,Córdoba,Col. Las Cuatro Esquinas
Argentina,Córdoba,Col. Las Pichanas
Argentina,Córdoba,Col. Marina
Argentina,Córdoba,Col. Prosperidad
Argentina,Córdoba,Col. San Bartolome
Argentina,Córdoba,Col. San Pedro
Argentina,Córdoba,Col. Tirolesa
Argentina,Córdoba,Col. Vicente Aguero
Argentina,Córdoba,Col. Videla
Argentina,Córdoba,Col. Vignaud
Argentina,Córdoba,Col. Waltelina
Argentina,Córdoba,Colazo
Argentina,Córdoba,Comechingones
Argentina,Córdoba,Conlara
Argentina,Córdoba,Copacabana
Argentina,Córdoba,Córdoba
Argentina,Córdoba,Coronel Baigorria
Argentina,Córdoba,Coronel Moldes
Argentina,Córdoba,Corral de Bustos
Argentina,Córdoba,Corralito
Argentina,Córdoba,Cosquín
Argentina,Córdoba,Costa Sacate
Argentina,Córdoba,Cruz Alta
Argentina,Córdoba,Cruz de Caña
Argentina,Córdoba,Cruz del Eje
Argentina,Córdoba,Cuesta Blanca
Argentina,Córdoba,Dean Funes
Argentina,Córdoba,Del Campillo
Argentina,Córdoba,Despeñaderos
Argentina,Córdoba,Devoto
Argentina,Córdoba,Diego de Rojas
Argentina,Córdoba,Dique Chico
Argentina,Córdoba,El Arañado
Argentina,Córdoba,El Brete
Argentina,Córdoba,El Chacho
Argentina,Córdoba,El Crispín
Argentina,Córdoba,El Fortín
Argentina,Córdoba,El Manzano
Argentina,Córdoba,El Rastreador
Argentina,Córdoba,El Rodeo
Argentina,Córdoba,El Tío
Argentina,Córdoba,Elena
Argentina,Córdoba,Embalse
Argentina,Córdoba,Esquina
Argentina,Córdoba,Estación Gral. Paz
Argentina,Córdoba,Estación Juárez Celman
Argentina,Córdoba,Estancia de Guadalupe
Argentina,Córdoba,Estancia Vieja
Argentina,Córdoba,Etruria
Argentina,Córdoba,Eufrasio Loza
Argentina,Córdoba,Falda del Carmen
Argentina,Córdoba,Freyre
Argentina,Córdoba,Gral. Baldissera
Argentina,Córdoba,Gral. Cabrera
Argentina,Córdoba,Gral. Deheza
Argentina,Córdoba,Gral. Fotheringham
Argentina,Córdoba,Gral. Levalle
Argentina,Córdoba,Gral. Roca
Argentina,Córdoba,Guanaco Muerto
Argentina,Córdoba,Guasapampa
Argentina,Córdoba,Guatimozin
Argentina,Córdoba,Gutenberg
Argentina,Córdoba,Hernando
Argentina,Córdoba,Huanchillas
Argentina,Córdoba,Huerta Grande
Argentina,Córdoba,Huinca Renanco
Argentina,Córdoba,Idiazabal
Argentina,Córdoba,Impira
Argentina,Córdoba,Inriville
Argentina,Córdoba,Isla Verde
Argentina,Córdoba,Italó
Argentina,Córdoba,James Craik
Argentina,Córdoba,Jesús María
Argentina,Córdoba,Jovita
Argentina,Córdoba,Justiniano Posse
Argentina,Córdoba,Km 658
Argentina,Córdoba,L. V. Mansilla
Argentina,Córdoba,La Batea
Argentina,Córdoba,La Calera
Argentina,Córdoba,La Carlota
Argentina,Córdoba,La Carolina
Argentina,Córdoba,La Cautiva
Argentina,Córdoba,La Cesira
Argentina,Córdoba,La Cruz
Argentina,Córdoba,La Cumbre
Argentina,Córdoba,La Cumbrecita
Argentina,Córdoba,La Falda
Argentina,Córdoba,La Francia
Argentina,Córdoba,La Granja
Argentina,Córdoba,La Higuera
Argentina,Córdoba,La Laguna
Argentina,Córdoba,La Paisanita
Argentina,Córdoba,La Palestina
Argentina,Córdoba,La Pampa
Argentina,Córdoba,La Paquita
Argentina,Córdoba,La Para
Argentina,Córdoba,La Paz
Argentina,Córdoba,La Playa
Argentina,Córdoba,La Playosa
Argentina,Córdoba,La Población
Argentina,Córdoba,La Posta
Argentina,Córdoba,La Puerta
Argentina,Córdoba,La Quinta
Argentina,Córdoba,La Rancherita
Argentina,Córdoba,La Rinconada
Argentina,Córdoba,La Serranita
Argentina,Córdoba,La Tordilla
Argentina,Córdoba,Laborde
Argentina,Córdoba,Laboulaye
Argentina,Córdoba,Laguna Larga
Argentina,Córdoba,Las Acequias
Argentina,Córdoba,Las Albahacas
Argentina,Córdoba,Las Arrias
Argentina,Córdoba,Las Bajadas
Argentina,Córdoba,Las Caleras
Argentina,Córdoba,Las Calles
Argentina,Córdoba,Las Cañadas
Argentina,Córdoba,Las Gramillas
Argentina,Córdoba,Las Higueras
Argentina,Córdoba,Las Isletillas
Argentina,Córdoba,Las Junturas
Argentina,Córdoba,Las Palmas
Argentina,Córdoba,Las Peñas
Argentina,Córdoba,Las Peñas Sud
Argentina,Córdoba,Las Perdices
Argentina,Córdoba,Las Playas
Argentina,Córdoba,Las Rabonas
Argentina,Córdoba,Las Saladas
Argentina,Córdoba,Las Tapias
Argentina,Córdoba,Las Varas
Argentina,Córdoba,Las Varillas
Argentina,Córdoba,Las Vertientes
Argentina,Córdoba,Leguizamón
Argentina,Córdoba,Leones
Argentina,Córdoba,Los Cedros
Argentina,Córdoba,Los Cerrillos
Argentina,Córdoba,Los Chañaritos (C.E)
Argentina,Córdoba,Los Chanaritos (R.S)
Argentina,Córdoba,Los Cisnes
Argentina,Córdoba,Los Cocos
Argentina,Córdoba,Los Cóndores
Argentina,Córdoba,Los Hornillos
Argentina,Córdoba,Los Hoyos
Argentina,Córdoba,Los Mistoles
Argentina,Córdoba,Los Molinos
Argentina,Córdoba,Los Pozos
Argentina,Córdoba,Los Reartes
Argentina,Córdoba,Los Surgentes
Argentina,Córdoba,Los Talares
Argentina,Córdoba,Los Zorros
Argentina,Córdoba,Lozada
Argentina,Córdoba,Luca
Argentina,Córdoba,Luque
Argentina,Córdoba,Luyaba
Argentina,Córdoba,Malagueño
Argentina,Córdoba,Malena
Argentina,Córdoba,Malvinas Argentinas
Argentina,Córdoba,Manfredi
Argentina,Córdoba,Maquinista Gallini
Argentina,Córdoba,Marcos Juárez
Argentina,Córdoba,Marull
Argentina,Córdoba,Matorrales
Argentina,Córdoba,Mattaldi
Argentina,Córdoba,Mayu Sumaj
Argentina,Córdoba,Media Naranja
Argentina,Córdoba,Melo
Argentina,Córdoba,Mendiolaza
Argentina,Córdoba,Mi Granja
Argentina,Córdoba,Mina Clavero
Argentina,Córdoba,Miramar
Argentina,Córdoba,Morrison
Argentina,Córdoba,Morteros
Argentina,Córdoba,Mte. Buey
Argentina,Córdoba,Mte. Cristo
Argentina,Córdoba,Mte. De Los Gauchos
Argentina,Córdoba,Mte. Leña
Argentina,Córdoba,Mte. Maíz
Argentina,Córdoba,Mte. Ralo
Argentina,Córdoba,Nicolás Bruzone
Argentina,Córdoba,Noetinger
Argentina,Córdoba,Nono
Argentina,Córdoba,Nueva Córdoba
Argentina,Córdoba,Obispo Trejo
Argentina,Córdoba,Olaeta
Argentina,Córdoba,Oliva
Argentina,Córdoba,Olivares San Nicolás
Argentina,Córdoba,Onagolty
Argentina,Córdoba,Oncativo
Argentina,Córdoba,Ordoñez
Argentina,Córdoba,Pacheco De Melo
Argentina,Córdoba,Pampayasta N.
Argentina,Córdoba,Pampayasta S.
Argentina,Córdoba,Panaholma
Argentina,Córdoba,Pascanas
Argentina,Córdoba,Pasco
Argentina,Córdoba,Paso del Durazno
Argentina,Córdoba,Paso Viejo
Argentina,Córdoba,Pilar
Argentina,Córdoba,Pincén
Argentina,Córdoba,Piquillín
Argentina,Córdoba,Plaza de Mercedes
Argentina,Córdoba,Plaza Luxardo
Argentina,Córdoba,Porteña
Argentina,Córdoba,Potrero de Garay
Argentina,Córdoba,Pozo del Molle
Argentina,Córdoba,Pozo Nuevo
Argentina,Córdoba,Pueblo Italiano
Argentina,Córdoba,Puesto de Castro
Argentina,Córdoba,Punta del Agua
Argentina,Córdoba,Quebracho Herrado
Argentina,Córdoba,Quilino
Argentina,Córdoba,Rafael García
Argentina,Córdoba,Ranqueles
Argentina,Córdoba,Rayo Cortado
Argentina,Córdoba,Reducción
Argentina,Córdoba,Rincón
Argentina,Córdoba,Río Bamba
Argentina,Córdoba,Río Ceballos
Argentina,Córdoba,Río Cuarto
Argentina,Córdoba,Río de Los Sauces
Argentina,Córdoba,Río Primero
Argentina,Córdoba,Río Segundo
Argentina,Córdoba,Río Tercero
Argentina,Córdoba,Rosales
Argentina,Córdoba,Rosario del Saladillo
Argentina,Córdoba,Sacanta
Argentina,Córdoba,Sagrada Familia
Argentina,Córdoba,Saira
Argentina,Córdoba,Saladillo
Argentina,Córdoba,Saldán
Argentina,Córdoba,Salsacate
Argentina,Córdoba,Salsipuedes
Argentina,Córdoba,Sampacho
Argentina,Córdoba,San Agustín
Argentina,Córdoba,San Antonio de Arredondo
Argentina,Córdoba,San Antonio de Litín
Argentina,Córdoba,San Basilio
Argentina,Córdoba,San Carlos Minas
Argentina,Córdoba,San Clemente
Argentina,Córdoba,San Esteban
Argentina,Córdoba,San Francisco
Argentina,Córdoba,San Ignacio
Argentina,Córdoba,San Javier
Argentina,Córdoba,San Jerónimo
Argentina,Córdoba,San Joaquín
Argentina,Córdoba,San José de La Dormida
Argentina,Córdoba,San José de Las Salinas
Argentina,Córdoba,San Lorenzo
Argentina,Córdoba,San Marcos Sierras
Argentina,Córdoba,San Marcos Sud
Argentina,Córdoba,San Pedro
Argentina,Córdoba,San Pedro N.
Argentina,Córdoba,San Roque
Argentina,Córdoba,San Vicente
Argentina,Córdoba,Santa Catalina
Argentina,Córdoba,Santa Elena
Argentina,Córdoba,Santa Eufemia
Argentina,Córdoba,Santa Maria
Argentina,Córdoba,Sarmiento
Argentina,Córdoba,Saturnino M.Laspiur
Argentina,Córdoba,Sauce Arriba
Argentina,Córdoba,Sebastián Elcano
Argentina,Córdoba,Seeber
Argentina,Córdoba,Segunda Usina
Argentina,Córdoba,Serrano
Argentina,Córdoba,Serrezuela
Argentina,Córdoba,Sgo. Temple
Argentina,Córdoba,Silvio Pellico
Argentina,Córdoba,Simbolar
Argentina,Córdoba,Sinsacate
Argentina,Córdoba,Sta. Rosa de Calamuchita
Argentina,Córdoba,Sta. Rosa de Río Primero
Argentina,Córdoba,Suco
Argentina,Córdoba,Tala Cañada
Argentina,Córdoba,Tala Huasi
Argentina,Córdoba,Talaini
Argentina,Córdoba,Tancacha
Argentina,Córdoba,Tanti
Argentina,Córdoba,Ticino
Argentina,Córdoba,Tinoco
Argentina,Córdoba,Tío Pujio
Argentina,Córdoba,Toledo
Argentina,Córdoba,Toro Pujio
Argentina,Córdoba,Tosno
Argentina,Córdoba,Tosquita
Argentina,Córdoba,Tránsito
Argentina,Córdoba,Tuclame
Argentina,Córdoba,Tutti
Argentina,Córdoba,Ucacha
Argentina,Córdoba,Unquillo
Argentina,Córdoba,Valle de Anisacate
Argentina,Córdoba,Valle Hermoso
Argentina,Córdoba,Vélez Sarfield
Argentina,Córdoba,Viamonte
Argentina,Córdoba,Vicuña Mackenna
Argentina,Córdoba,Villa Allende
Argentina,Córdoba,Villa Amancay
Argentina,Córdoba,Villa Ascasubi
Argentina,Córdoba,Villa Candelaria N.
Argentina,Córdoba,Villa Carlos Paz
Argentina,Córdoba,Villa Cerro Azul
Argentina,Córdoba,Villa Ciudad de América
Argentina,Córdoba,Villa Ciudad Pque Los Reartes
Argentina,Córdoba,Villa Concepción del Tío
Argentina,Córdoba,Villa Cura Brochero
Argentina,Córdoba,Villa de Las Rosas
Argentina,Córdoba,Villa de María
Argentina,Córdoba,Villa de Pocho
Argentina,Córdoba,Villa de Soto
Argentina,Córdoba,Villa del Dique
Argentina,Córdoba,Villa del Prado
Argentina,Córdoba,Villa del Rosario
Argentina,Córdoba,Villa del Totoral
Argentina,Córdoba,Villa Dolores
Argentina,Córdoba,Villa El Chancay
Argentina,Córdoba,Villa Elisa
Argentina,Córdoba,Villa Flor Serrana
Argentina,Córdoba,Villa Fontana
Argentina,Córdoba,Villa Giardino
Argentina,Córdoba,Villa Gral. Belgrano
Argentina,Córdoba,Villa Gutierrez
Argentina,Córdoba,Villa Huidobro
Argentina,Córdoba,Villa La Bolsa
Argentina,Córdoba,Villa Los Aromos
Argentina,Córdoba,Villa Los Patos
Argentina,Córdoba,Villa María
Argentina,Córdoba,Villa Nueva
Argentina,Córdoba,Villa Pque. Santa Ana
Argentina,Córdoba,Villa Pque. Siquiman
Argentina,Córdoba,Villa Quillinzo
Argentina,Córdoba,Villa Rossi
Argentina,Córdoba,Villa Rumipal
Argentina,Córdoba,Villa San Esteban
Argentina,Córdoba,Villa San Isidro
Argentina,Córdoba,Villa Santa Cruz
Argentina,Córdoba,Villa Sarmiento (G.R)
Argentina,Córdoba,Villa Sarmiento (S.A)
Argentina,Córdoba,Villa Tulumba
Argentina,Córdoba,Villa Valeria
Argentina,Córdoba,Villa Yacanto
Argentina,Córdoba,Washington
Argentina,Córdoba,Wenceslao Escalante
Argentina,Córdoba,Ycho Cruz Sierras
Argentina,Corrientes,Alvear
Argentina,Corrientes,Bella Vista
Argentina,Corrientes,Berón de Astrada
Argentina,Corrientes,Bonpland
Argentina,Corrientes,Caá Cati
Argentina,Corrientes,Capital
Argentina,Corrientes,Chavarría
Argentina,Corrientes,Col. C. Pellegrini
Argentina,Corrientes,Col. Libertad
Argentina,Corrientes,Col. Liebig
Argentina,Corrientes,Col. Sta Rosa
Argentina,Corrientes,Concepción
Argentina,Corrientes,Cruz de Los Milagros
Argentina,Corrientes,Curuzú-Cuatiá
Argentina,Corrientes,Empedrado
Argentina,Corrientes,Esquina
Argentina,Corrientes,Estación Torrent
Argentina,Corrientes,Felipe Yofré
Argentina,Corrientes,Garruchos
Argentina,Corrientes,Gdor. Agrónomo
Argentina,Corrientes,Gdor. Martínez
Argentina,Corrientes,Goya
Argentina,Corrientes,Guaviravi
Argentina,Corrientes,Herlitzka
Argentina,Corrientes,Ita-Ibate
Argentina,Corrientes,Itatí
Argentina,Corrientes,Ituzaingó
Argentina,Corrientes,José Rafael Gómez
Argentina,Corrientes,Juan Pujol
Argentina,Corrientes,La Cruz
Argentina,Corrientes,Lavalle
Argentina,Corrientes,Lomas de Vallejos
Argentina,Corrientes,Loreto
Argentina,Corrientes,Mariano I. Loza
Argentina,Corrientes,Mburucuyá
Argentina,Corrientes,Mercedes
Argentina,Corrientes,Mocoretá
Argentina,Corrientes,Mte. Caseros
Argentina,Corrientes,Nueve de Julio
Argentina,Corrientes,Palmar Grande
Argentina,Corrientes,Parada Pucheta
Argentina,Corrientes,Paso de La Patria
Argentina,Corrientes,Paso de Los Libres
Argentina,Corrientes,Pedro R. Fernandez
Argentina,Corrientes,Perugorría
Argentina,Corrientes,Pueblo Libertador
Argentina,Corrientes,Ramada Paso
Argentina,Corrientes,Riachuelo
Argentina,Corrientes,Saladas
Argentina,Corrientes,San Antonio
Argentina,Corrientes,San Carlos
Argentina,Corrientes,San Cosme
Argentina,Corrientes,San Lorenzo
Argentina,Corrientes,San Luis del Palmar
Argentina,Corrientes,San Miguel
Argentina,Corrientes,San Roque
Argentina,Corrientes,Santa Ana
Argentina,Corrientes,Santa Lucía
Argentina,Corrientes,Santo Tomé
Argentina,Corrientes,Sauce
Argentina,Corrientes,Tabay
Argentina,Corrientes,Tapebicuá
Argentina,Corrientes,Tatacua
Argentina,Corrientes,Virasoro
Argentina,Corrientes,Yapeyú
Argentina,Corrientes,Yataití Calle
Argentina,Entre Ríos,Alarcón
Argentina,Entre Ríos,Alcaraz
Argentina,Entre Ríos,Alcaraz N.
Argentina,Entre Ríos,Alcaraz S.
Argentina,Entre Ríos,Aldea Asunción
Argentina,Entre Ríos,Aldea Brasilera
Argentina,Entre Ríos,Aldea Elgenfeld
Argentina,Entre Ríos,Aldea Grapschental
Argentina,Entre Ríos,Aldea Ma. Luisa
Argentina,Entre Ríos,Aldea Protestante
Argentina,Entre Ríos,Aldea Salto
Argentina,Entre Ríos,Aldea San Antonio (G)
Argentina,Entre Ríos,Aldea San Antonio (P)
Argentina,Entre Ríos,Aldea San Juan
Argentina,Entre Ríos,Aldea San Miguel
Argentina,Entre Ríos,Aldea San Rafael
Argentina,Entre Ríos,Aldea Spatzenkutter
Argentina,Entre Ríos,Aldea Sta. María
Argentina,Entre Ríos,Aldea Sta. Rosa
Argentina,Entre Ríos,Aldea Valle María
Argentina,Entre Ríos,Altamirano Sur
Argentina,Entre Ríos,Antelo
Argentina,Entre Ríos,Antonio Tomás
Argentina,Entre Ríos,Aranguren
Argentina,Entre Ríos,Arroyo Barú
Argentina,Entre Ríos,Arroyo Burgos
Argentina,Entre Ríos,Arroyo Clé
Argentina,Entre Ríos,Arroyo Corralito
Argentina,Entre Ríos,Arroyo del Medio
Argentina,Entre Ríos,Arroyo Maturrango
Argentina,Entre Ríos,Arroyo Palo Seco
Argentina,Entre Ríos,Banderas
Argentina,Entre Ríos,Basavilbaso
Argentina,Entre Ríos,Betbeder
Argentina,Entre Ríos,Bovril
Argentina,Entre Ríos,Caseros
Argentina,Entre Ríos,Ceibas
Argentina,Entre Ríos,Cerrito
Argentina,Entre Ríos,Chajarí
Argentina,Entre Ríos,Chilcas
Argentina,Entre Ríos,Clodomiro Ledesma
Argentina,Entre Ríos,Col. Alemana
Argentina,Entre Ríos,Col. Avellaneda
Argentina,Entre Ríos,Col. Avigdor
Argentina,Entre Ríos,Col. Ayuí
Argentina,Entre Ríos,Col. Baylina
Argentina,Entre Ríos,Col. Carrasco
Argentina,Entre Ríos,Col. Celina
Argentina,Entre Ríos,Col. Cerrito
Argentina,Entre Ríos,Col. Crespo
Argentina,Entre Ríos,Col. Elia
Argentina,Entre Ríos,Col. Ensayo
Argentina,Entre Ríos,Col. Gral. Roca
Argentina,Entre Ríos,Col. La Argentina
Argentina,Entre Ríos,Col. Merou
Argentina,Entre Ríos,Col. Oficial Nª3
Argentina,Entre Ríos,Col. Oficial Nº13
Argentina,Entre Ríos,Col. Oficial Nº14
Argentina,Entre Ríos,Col. Oficial Nº5
Argentina,Entre Ríos,Col. Reffino
Argentina,Entre Ríos,Col. Tunas
Argentina,Entre Ríos,Col. Viraró
Argentina,Entre Ríos,Colón
Argentina,Entre Ríos,Concepción del Uruguay
Argentina,Entre Ríos,Concordia
Argentina,Entre Ríos,Conscripto Bernardi
Argentina,Entre Ríos,Costa Grande
Argentina,Entre Ríos,Costa San Antonio
Argentina,Entre Ríos,Costa Uruguay N.
Argentina,Entre Ríos,Costa Uruguay S.
Argentina,Entre Ríos,Crespo
Argentina,Entre Ríos,Crucecitas 3ª
Argentina,Entre Ríos,Crucecitas 7ª
Argentina,Entre Ríos,Crucecitas 8ª
Argentina,Entre Ríos,Cuchilla Redonda
Argentina,Entre Ríos,Curtiembre
Argentina,Entre Ríos,Diamante
Argentina,Entre Ríos,Distrito 6º
Argentina,Entre Ríos,Distrito Chañar
Argentina,Entre Ríos,Distrito Chiqueros
Argentina,Entre Ríos,Distrito Cuarto
Argentina,Entre Ríos,Distrito Diego López
Argentina,Entre Ríos,Distrito Pajonal
Argentina,Entre Ríos,Distrito Sauce
Argentina,Entre Ríos,Distrito Tala
Argentina,Entre Ríos,Distrito Talitas
Argentina,Entre Ríos,Don Cristóbal 1ª Sección
Argentina,Entre Ríos,Don Cristóbal 2ª Sección
Argentina,Entre Ríos,Durazno
Argentina,Entre Ríos,El Cimarrón
Argentina,Entre Ríos,El Gramillal
Argentina,Entre Ríos,El Palenque
Argentina,Entre Ríos,El Pingo
Argentina,Entre Ríos,El Quebracho
Argentina,Entre Ríos,El Redomón
Argentina,Entre Ríos,El Solar
Argentina,Entre Ríos,Enrique Carbo
Argentina,Entre Ríos,Entre Ríos
Argentina,Entre Ríos,Espinillo N.
Argentina,Entre Ríos,Estación Campos
Argentina,Entre Ríos,Estación Escriña
Argentina,Entre Ríos,Estación Lazo
Argentina,Entre Ríos,Estación Raíces
Argentina,Entre Ríos,Estación Yerúa
Argentina,Entre Ríos,Estancia Grande
Argentina,Entre Ríos,Estancia Líbaros
Argentina,Entre Ríos,Estancia Racedo
Argentina,Entre Ríos,Estancia Solá
Argentina,Entre Ríos,Estancia Yuquerí
Argentina,Entre Ríos,Estaquitas
Argentina,Entre Ríos,Faustino M. Parera
Argentina,Entre Ríos,Febre
Argentina,Entre Ríos,Federación
Argentina,Entre Ríos,Federal
Argentina,Entre Ríos,Gdor. Echagüe
Argentina,Entre Ríos,Gdor. Mansilla
Argentina,Entre Ríos,Gilbert
Argentina,Entre Ríos,González Calderón
Argentina,Entre Ríos,Gral. Almada
Argentina,Entre Ríos,Gral. Alvear
Argentina,Entre Ríos,Gral. Campos
Argentina,Entre Ríos,Gral. Galarza
Argentina,Entre Ríos,Gral. Ramírez
Argentina,Entre Ríos,Gualeguay
Argentina,Entre Ríos,Gualeguaychú
Argentina,Entre Ríos,Gualeguaycito
Argentina,Entre Ríos,Guardamonte
Argentina,Entre Ríos,Hambis
Argentina,Entre Ríos,Hasenkamp
Argentina,Entre Ríos,Hernandarias
Argentina,Entre Ríos,Hernández
Argentina,Entre Ríos,Herrera
Argentina,Entre Ríos,Hinojal
Argentina,Entre Ríos,Hocker
Argentina,Entre Ríos,Ing. Sajaroff
Argentina,Entre Ríos,Irazusta
Argentina,Entre Ríos,Isletas
Argentina,Entre Ríos,J.J De Urquiza
Argentina,Entre Ríos,Jubileo
Argentina,Entre Ríos,La Clarita
Argentina,Entre Ríos,La Criolla
Argentina,Entre Ríos,La Esmeralda
Argentina,Entre Ríos,La Florida
Argentina,Entre Ríos,La Fraternidad
Argentina,Entre Ríos,La Hierra
Argentina,Entre Ríos,La Ollita
Argentina,Entre Ríos,La Paz
Argentina,Entre Ríos,La Picada
Argentina,Entre Ríos,La Providencia
Argentina,Entre Ríos,La Verbena
Argentina,Entre Ríos,Laguna Benítez
Argentina,Entre Ríos,Larroque
Argentina,Entre Ríos,Las Cuevas
Argentina,Entre Ríos,Las Garzas
Argentina,Entre Ríos,Las Guachas
Argentina,Entre Ríos,Las Mercedes
Argentina,Entre Ríos,Las Moscas
Argentina,Entre Ríos,Las Mulitas
Argentina,Entre Ríos,Las Toscas
Argentina,Entre Ríos,Laurencena
Argentina,Entre Ríos,Libertador San Martín
Argentina,Entre Ríos,Loma Limpia
Argentina,Entre Ríos,Los Ceibos
Argentina,Entre Ríos,Los Charruas
Argentina,Entre Ríos,Los Conquistadores
Argentina,Entre Ríos,Lucas González
Argentina,Entre Ríos,Lucas N.
Argentina,Entre Ríos,Lucas S. 1ª
Argentina,Entre Ríos,Lucas S. 2ª
Argentina,Entre Ríos,Maciá
Argentina,Entre Ríos,María Grande
Argentina,Entre Ríos,María Grande 2ª
Argentina,Entre Ríos,Médanos
Argentina,Entre Ríos,Mojones N.
Argentina,Entre Ríos,Mojones S.
Argentina,Entre Ríos,Molino Doll
Argentina,Entre Ríos,Monte Redondo
Argentina,Entre Ríos,Montoya
Argentina,Entre Ríos,Mulas Grandes
Argentina,Entre Ríos,Ñancay
Argentina,Entre Ríos,Nogoyá
Argentina,Entre Ríos,Nueva Escocia
Argentina,Entre Ríos,Nueva Vizcaya
Argentina,Entre Ríos,Ombú
Argentina,Entre Ríos,Oro Verde
Argentina,Entre Ríos,Paraná
Argentina,Entre Ríos,Pasaje Guayaquil
Argentina,Entre Ríos,Pasaje Las Tunas
Argentina,Entre Ríos,Paso de La Arena
Argentina,Entre Ríos,Paso de La Laguna
Argentina,Entre Ríos,Paso de Las Piedras
Argentina,Entre Ríos,Paso Duarte
Argentina,Entre Ríos,Pastor Britos
Argentina,Entre Ríos,Pedernal
Argentina,Entre Ríos,Perdices
Argentina,Entre Ríos,Picada Berón
Argentina,Entre Ríos,Piedras Blancas
Argentina,Entre Ríos,Primer Distrito Cuchilla
Argentina,Entre Ríos,Primero de Mayo
Argentina,Entre Ríos,Pronunciamiento
Argentina,Entre Ríos,Pto. Algarrobo
Argentina,Entre Ríos,Pto. Ibicuy
Argentina,Entre Ríos,Pueblo Brugo
Argentina,Entre Ríos,Pueblo Cazes
Argentina,Entre Ríos,Pueblo Gral. Belgrano
Argentina,Entre Ríos,Pueblo Liebig
Argentina,Entre Ríos,Puerto Yeruá
Argentina,Entre Ríos,Punta del Monte
Argentina,Entre Ríos,Quebracho
Argentina,Entre Ríos,Quinto Distrito
Argentina,Entre Ríos,Raices Oeste
Argentina,Entre Ríos,Rincón de Nogoyá
Argentina,Entre Ríos,Rincón del Cinto
Argentina,Entre Ríos,Rincón del Doll
Argentina,Entre Ríos,Rincón del Gato
Argentina,Entre Ríos,Rocamora
Argentina,Entre Ríos,Rosario del Tala
Argentina,Entre Ríos,San Benito
Argentina,Entre Ríos,San Cipriano
Argentina,Entre Ríos,San Ernesto
Argentina,Entre Ríos,San Gustavo
Argentina,Entre Ríos,San Jaime
Argentina,Entre Ríos,San José
Argentina,Entre Ríos,San José de Feliciano
Argentina,Entre Ríos,San Justo
Argentina,Entre Ríos,San Marcial
Argentina,Entre Ríos,San Pedro
Argentina,Entre Ríos,San Ramírez
Argentina,Entre Ríos,San Ramón
Argentina,Entre Ríos,San Roque
Argentina,Entre Ríos,San Salvador
Argentina,Entre Ríos,San Víctor
Argentina,Entre Ríos,Santa Ana
Argentina,Entre Ríos,Santa Anita
Argentina,Entre Ríos,Santa Elena
Argentina,Entre Ríos,Santa Lucía
Argentina,Entre Ríos,Santa Luisa
Argentina,Entre Ríos,Sauce de Luna
Argentina,Entre Ríos,Sauce Montrull
Argentina,Entre Ríos,Sauce Pinto
Argentina,Entre Ríos,Sauce Sur
Argentina,Entre Ríos,Seguí
Argentina,Entre Ríos,Sir Leonard
Argentina,Entre Ríos,Sosa
Argentina,Entre Ríos,Tabossi
Argentina,Entre Ríos,Tezanos Pinto
Argentina,Entre Ríos,Ubajay
Argentina,Entre Ríos,Urdinarrain
Argentina,Entre Ríos,Veinte de Septiembre
Argentina,Entre Ríos,Viale
Argentina,Entre Ríos,Victoria
Argentina,Entre Ríos,Villa Clara
Argentina,Entre Ríos,Villa del Rosario
Argentina,Entre Ríos,Villa Domínguez
Argentina,Entre Ríos,Villa Elisa
Argentina,Entre Ríos,Villa Fontana
Argentina,Entre Ríos,Villa Gdor. Etchevehere
Argentina,Entre Ríos,Villa Mantero
Argentina,Entre Ríos,Villa Paranacito
Argentina,Entre Ríos,Villa Urquiza
Argentina,Entre Ríos,Villaguay
Argentina,Entre Ríos,Walter Moss
Argentina,Entre Ríos,Yacaré
Argentina,Entre Ríos,Yeso Oeste
Argentina,Formosa,Buena Vista
Argentina,Formosa,Clorinda
Argentina,Formosa,Col. Pastoril
Argentina,Formosa,Cte. Fontana
Argentina,Formosa,El Colorado
Argentina,Formosa,El Espinillo
Argentina,Formosa,Estanislao Del Campo
Argentina,Formosa,Formosa
Argentina,Formosa,Fortín Lugones
Argentina,Formosa,Gral. Lucio V. Mansilla
Argentina,Formosa,Gral. Manuel Belgrano
Argentina,Formosa,Gral. Mosconi
Argentina,Formosa,Gran Guardia
Argentina,Formosa,Herradura
Argentina,Formosa,Ibarreta
Argentina,Formosa,Ing. Juárez
Argentina,Formosa,Laguna Blanca
Argentina,Formosa,Laguna Naick Neck
Argentina,Formosa,Laguna Yema
Argentina,Formosa,Las Lomitas
Argentina,Formosa,Los Chiriguanos
Argentina,Formosa,Mayor V. Villafañe
Argentina,Formosa,Misión San Fco.
Argentina,Formosa,Palo Santo
Argentina,Formosa,Pirané
Argentina,Formosa,Pozo del Maza
Argentina,Formosa,Riacho He-He
Argentina,Formosa,San Hilario
Argentina,Formosa,San Martín II
Argentina,Formosa,Siete Palmas
Argentina,Formosa,Subteniente Perín
Argentina,Formosa,Tres Lagunas
Argentina,Formosa,Villa Dos Trece
Argentina,Formosa,Villa Escolar
Argentina,Formosa,Villa Gral. Güemes
Argentina,Jujuy,Abdon Castro Tolay
Argentina,Jujuy,Abra Pampa
Argentina,Jujuy,Abralaite
Argentina,Jujuy,Aguas Calientes
Argentina,Jujuy,Arrayanal
Argentina,Jujuy,Barrios
Argentina,Jujuy,Caimancito
Argentina,Jujuy,Calilegua
Argentina,Jujuy,Cangrejillos
Argentina,Jujuy,Caspala
Argentina,Jujuy,Catuá
Argentina,Jujuy,Cieneguillas
Argentina,Jujuy,Coranzulli
Argentina,Jujuy,Cusi-Cusi
Argentina,Jujuy,El Aguilar
Argentina,Jujuy,El Carmen
Argentina,Jujuy,El Cóndor
Argentina,Jujuy,El Fuerte
Argentina,Jujuy,El Piquete
Argentina,Jujuy,El Talar
Argentina,Jujuy,Fraile Pintado
Argentina,Jujuy,Hipólito Yrigoyen
Argentina,Jujuy,Huacalera
Argentina,Jujuy,Humahuaca
Argentina,Jujuy,La Esperanza
Argentina,Jujuy,La Mendieta
Argentina,Jujuy,La Quiaca
Argentina,Jujuy,Ledesma
Argentina,Jujuy,Libertador Gral. San Martin
Argentina,Jujuy,Maimara
Argentina,Jujuy,Mina Pirquitas
Argentina,Jujuy,Monterrico
Argentina,Jujuy,Palma Sola
Argentina,Jujuy,Palpalá
Argentina,Jujuy,Pampa Blanca
Argentina,Jujuy,Pampichuela
Argentina,Jujuy,Perico
Argentina,Jujuy,Puesto del Marqués
Argentina,Jujuy,Puesto Viejo
Argentina,Jujuy,Pumahuasi
Argentina,Jujuy,Purmamarca
Argentina,Jujuy,Rinconada
Argentina,Jujuy,Rodeitos
Argentina,Jujuy,Rosario de Río Grande
Argentina,Jujuy,San Antonio
Argentina,Jujuy,San Francisco
Argentina,Jujuy,San Pedro
Argentina,Jujuy,San Rafael
Argentina,Jujuy,San Salvador
Argentina,Jujuy,Santa Ana
Argentina,Jujuy,Santa Catalina
Argentina,Jujuy,Santa Clara
Argentina,Jujuy,Susques
Argentina,Jujuy,Tilcara
Argentina,Jujuy,Tres Cruces
Argentina,Jujuy,Tumbaya
Argentina,Jujuy,Valle Grande
Argentina,Jujuy,Vinalito
Argentina,Jujuy,Volcán
Argentina,Jujuy,Yala
Argentina,Jujuy,Yaví
Argentina,Jujuy,Yuto
Argentina,La Pampa,Abramo
Argentina,La Pampa,Adolfo Van Praet
Argentina,La Pampa,Agustoni
Argentina,La Pampa,Algarrobo del Aguila
Argentina,La Pampa,Alpachiri
Argentina,La Pampa,Alta Italia
Argentina,La Pampa,Anguil
Argentina,La Pampa,Arata
Argentina,La Pampa,Ataliva Roca
Argentina,La Pampa,Bernardo Larroude
Argentina,La Pampa,Bernasconi
Argentina,La Pampa,Caleufú
Argentina,La Pampa,Carro Quemado
Argentina,La Pampa,Catriló
Argentina,La Pampa,Ceballos
Argentina,La Pampa,Chacharramendi
Argentina,La Pampa,Col. Barón
Argentina,La Pampa,Col. Santa María
Argentina,La Pampa,Conhelo
Argentina,La Pampa,Coronel Hilario Lagos
Argentina,La Pampa,Cuchillo-Có
Argentina,La Pampa,Doblas
Argentina,La Pampa,Dorila
Argentina,La Pampa,Eduardo Castex
Argentina,La Pampa,Embajador Martini
Argentina,La Pampa,Falucho
Argentina,La Pampa,Gral. Acha
Argentina,La Pampa,Gral. Manuel Campos
Argentina,La Pampa,Gral. Pico
Argentina,La Pampa,Guatraché
Argentina,La Pampa,Ing. Luiggi
Argentina,La Pampa,Intendente Alvear
Argentina,La Pampa,Jacinto Arauz
Argentina,La Pampa,La Adela
Argentina,La Pampa,La Humada
Argentina,La Pampa,La Maruja
Argentina,La Pampa,La Pampa
Argentina,La Pampa,La Reforma
Argentina,La Pampa,Limay Mahuida
Argentina,La Pampa,Lonquimay
Argentina,La Pampa,Loventuel
Argentina,La Pampa,Luan Toro
Argentina,La Pampa,Macachín
Argentina,La Pampa,Maisonnave
Argentina,La Pampa,Mauricio Mayer
Argentina,La Pampa,Metileo
Argentina,La Pampa,Miguel Cané
Argentina,La Pampa,Miguel Riglos
Argentina,La Pampa,Monte Nievas
Argentina,La Pampa,Parera
Argentina,La Pampa,Perú
Argentina,La Pampa,Pichi-Huinca
Argentina,La Pampa,Puelches
Argentina,La Pampa,Puelén
Argentina,La Pampa,Quehue
Argentina,La Pampa,Quemú Quemú
Argentina,La Pampa,Quetrequén
Argentina,La Pampa,Rancul
Argentina,La Pampa,Realicó
Argentina,La Pampa,Relmo
Argentina,La Pampa,Rolón
Argentina,La Pampa,Rucanelo
Argentina,La Pampa,Sarah
Argentina,La Pampa,Speluzzi
Argentina,La Pampa,Sta. Isabel
Argentina,La Pampa,Sta. Rosa
Argentina,La Pampa,Sta. Teresa
Argentina,La Pampa,Telén
Argentina,La Pampa,Toay
Argentina,La Pampa,Tomas M. de Anchorena
Argentina,La Pampa,Trenel
Argentina,La Pampa,Unanue
Argentina,La Pampa,Uriburu
Argentina,La Pampa,Veinticinco de Mayo
Argentina,La Pampa,Vertiz
Argentina,La Pampa,Victorica
Argentina,La Pampa,Villa Mirasol
Argentina,La Pampa,Winifreda
Argentina,La Rioja,Arauco
Argentina,La Rioja,Capital
Argentina,La Rioja,Castro Barros
Argentina,La Rioja,Chamical
Argentina,La Rioja,Chilecito
Argentina,La Rioja,Coronel F. Varela
Argentina,La Rioja,Famatina
Argentina,La Rioja,Gral. A.V.Peñaloza
Argentina,La Rioja,Gral. Belgrano
Argentina,La Rioja,Gral. J.F. Quiroga
Argentina,La Rioja,Gral. Lamadrid
Argentina,La Rioja,Gral. Ocampo
Argentina,La Rioja,Gral. San Martín
Argentina,La Rioja,Independencia
Argentina,La Rioja,Rosario Penaloza
Argentina,La Rioja,San Blas de Los Sauces
Argentina,La Rioja,Sanagasta
Argentina,La Rioja,Vinchina
Argentina,Mendoza,Capital
Argentina,Mendoza,Chacras de Coria
Argentina,Mendoza,Dorrego
Argentina,Mendoza,Gllen
Argentina,Mendoza,Godoy Cruz
Argentina,Mendoza,Gral. Alvear
Argentina,Mendoza,Guaymallén
Argentina,Mendoza,Junín
Argentina,Mendoza,La Paz
Argentina,Mendoza,Las Heras
Argentina,Mendoza,Lavalle
Argentina,Mendoza,Luján
Argentina,Mendoza,Luján De Cuyo
Argentina,Mendoza,Maipú
Argentina,Mendoza,Malargüe
Argentina,Mendoza,Rivadavia
Argentina,Mendoza,San Carlos
Argentina,Mendoza,San Martín
Argentina,Mendoza,San Rafael
Argentina,Mendoza,Sta. Rosa
Argentina,Mendoza,Tunuyán
Argentina,Mendoza,Tupungato
Argentina,Mendoza,Villa Nueva
Argentina,Misiones,Alba Posse
Argentina,Misiones,Almafuerte
Argentina,Misiones,Apóstoles
Argentina,Misiones,Aristóbulo Del Valle
Argentina,Misiones,Arroyo Del Medio
Argentina,Misiones,Azara
Argentina,Misiones,Bdo. De Irigoyen
Argentina,Misiones,Bonpland
Argentina,Misiones,Caá Yari
Argentina,Misiones,Campo Grande
Argentina,Misiones,Campo Ramón
Argentina,Misiones,Campo Viera
Argentina,Misiones,Candelaria
Argentina,Misiones,Capioví
Argentina,Misiones,Caraguatay
Argentina,Misiones,Cdte. Guacurarí
Argentina,Misiones,Cerro Azul
Argentina,Misiones,Cerro Corá
Argentina,Misiones,Col. Alberdi
Argentina,Misiones,Col. Aurora
Argentina,Misiones,Col. Delicia
Argentina,Misiones,Col. Polana
Argentina,Misiones,Col. Victoria
Argentina,Misiones,Col. Wanda
Argentina,Misiones,Concepción De La Sierra
Argentina,Misiones,Corpus
Argentina,Misiones,Dos Arroyos
Argentina,Misiones,Dos de Mayo
Argentina,Misiones,El Alcázar
Argentina,Misiones,El Dorado
Argentina,Misiones,El Soberbio
Argentina,Misiones,Esperanza
Argentina,Misiones,F. Ameghino
Argentina,Misiones,Fachinal
Argentina,Misiones,Garuhapé
Argentina,Misiones,Garupá
Argentina,Misiones,Gdor. López
Argentina,Misiones,Gdor. Roca
Argentina,Misiones,Gral. Alvear
Argentina,Misiones,Gral. Urquiza
Argentina,Misiones,Guaraní
Argentina,Misiones,H. Yrigoyen
Argentina,Misiones,Iguazú
Argentina,Misiones,Itacaruaré
Argentina,Misiones,Jardín América
Argentina,Misiones,Leandro N. Alem
Argentina,Misiones,Libertad
Argentina,Misiones,Loreto
Argentina,Misiones,Los Helechos
Argentina,Misiones,Mártires
Argentina,Misiones,Misiones
Argentina,Misiones,Mojón Grande
Argentina,Misiones,Montecarlo
Argentina,Misiones,Nueve de Julio
Argentina,Misiones,Oberá
Argentina,Misiones,Olegario V. Andrade
Argentina,Misiones,Panambí
Argentina,Misiones,Posadas
Argentina,Misiones,Profundidad
Argentina,Misiones,Pto. Iguazú
Argentina,Misiones,Pto. Leoni
Argentina,Misiones,Pto. Piray
Argentina,Misiones,Pto. Rico
Argentina,Misiones,Ruiz de Montoya
Argentina,Misiones,San Antonio
Argentina,Misiones,San Ignacio
Argentina,Misiones,San Javier
Argentina,Misiones,San José
Argentina,Misiones,San Martín
Argentina,Misiones,San Pedro
Argentina,Misiones,San Vicente
Argentina,Misiones,Santiago De Liniers
Argentina,Misiones,Santo Pipo
Argentina,Misiones,Sta. Ana
Argentina,Misiones,Sta. María
Argentina,Misiones,Tres Capones
Argentina,Misiones,Veinticinco de Mayo
Argentina,Misiones,Wanda
Argentina,Neuquén,Aguada San Roque
Argentina,Neuquén,Aluminé
Argentina,Neuquén,Andacollo
Argentina,Neuquén,Añelo
Argentina,Neuquén,Bajada del Agrio
Argentina,Neuquén,Barrancas
Argentina,Neuquén,Buta Ranquil
Argentina,Neuquén,Capital
Argentina,Neuquén,Caviahué
Argentina,Neuquén,Centenario
Argentina,Neuquén,Chorriaca
Argentina,Neuquén,Chos Malal
Argentina,Neuquén,Cipolletti
Argentina,Neuquén,Covunco Abajo
Argentina,Neuquén,Coyuco Cochico
Argentina,Neuquén,Cutral Có
Argentina,Neuquén,El Cholar
Argentina,Neuquén,El Huecú
Argentina,Neuquén,El Sauce
Argentina,Neuquén,Guañacos
Argentina,Neuquén,Huinganco
Argentina,Neuquén,Las Coloradas
Argentina,Neuquén,Las Lajas
Argentina,Neuquén,Las Ovejas
Argentina,Neuquén,Loncopué
Argentina,Neuquén,Los Catutos
Argentina,Neuquén,Los Chihuidos
Argentina,Neuquén,Los Miches
Argentina,Neuquén,Manzano Amargo
Argentina,Neuquén,Neuquén
Argentina,Neuquén,Octavio Pico
Argentina,Neuquén,Paso Aguerre
Argentina,Neuquén,Picún Leufú
Argentina,Neuquén,Piedra del Aguila
Argentina,Neuquén,Pilo Lil
Argentina,Neuquén,Plaza Huincul
Argentina,Neuquén,Plottier
Argentina,Neuquén,Quili Malal
Argentina,Neuquén,Ramón Castro
Argentina,Neuquén,Rincón de Los Sauces
Argentina,Neuquén,San Martín de Los Andes
Argentina,Neuquén,San Patricio del Chañar
Argentina,Neuquén,Santo Tomás
Argentina,Neuquén,Sauzal Bonito
Argentina,Neuquén,Senillosa
Argentina,Neuquén,Taquimilán
Argentina,Neuquén,Tricao Malal
Argentina,Neuquén,Varvarco
Argentina,Neuquén,Villa Curí Leuvu
Argentina,Neuquén,Villa del Nahueve
Argentina,Neuquén,Villa del Puente Picún Leuvú
Argentina,Neuquén,Villa El Chocón
Argentina,Neuquén,Villa La Angostura
Argentina,Neuquén,Villa Pehuenia
Argentina,Neuquén,Villa Traful
Argentina,Neuquén,Vista Alegre
Argentina,Neuquén,Zapala
Argentina,Río Negro,Aguada Cecilio
Argentina,Río Negro,Aguada de Guerra
Argentina,Río Negro,Allén
Argentina,Río Negro,Arroyo de La Ventana
Argentina,Río Negro,Arroyo Los Berros
Argentina,Río Negro,Bariloche
Argentina,Río Negro,Calte. Cordero
Argentina,Río Negro,Campo Grande
Argentina,Río Negro,Catriel
Argentina,Río Negro,Cerro Policía
Argentina,Río Negro,Cervantes
Argentina,Río Negro,Chelforo
Argentina,Río Negro,Chimpay
Argentina,Río Negro,Chinchinales
Argentina,Río Negro,Chipauquil
Argentina,Río Negro,Choele Choel
Argentina,Río Negro,Cinco Saltos
Argentina,Río Negro,Cipolletti
Argentina,Río Negro,Clemente Onelli
Argentina,Río Negro,Colán Conhue
Argentina,Río Negro,Comallo
Argentina,Río Negro,Comicó
Argentina,Río Negro,Cona Niyeu
Argentina,Río Negro,Coronel Belisle
Argentina,Río Negro,Cubanea
Argentina,Río Negro,Darwin
Argentina,Río Negro,Dina Huapi
Argentina,Río Negro,El Bolsón
Argentina,Río Negro,El Caín
Argentina,Río Negro,El Manso
Argentina,Río Negro,Gral. Conesa
Argentina,Río Negro,Gral. Enrique Godoy
Argentina,Río Negro,Gral. Fernandez Oro
Argentina,Río Negro,Gral. Roca
Argentina,Río Negro,Guardia Mitre
Argentina,Río Negro,Ing. Huergo
Argentina,Río Negro,Ing. Jacobacci
Argentina,Río Negro,Laguna Blanca
Argentina,Río Negro,Lamarque
Argentina,Río Negro,Las Grutas
Argentina,Río Negro,Los Menucos
Argentina,Río Negro,Luis Beltrán
Argentina,Río Negro,Mainqué
Argentina,Río Negro,Mamuel Choique
Argentina,Río Negro,Maquinchao
Argentina,Río Negro,Mencué
Argentina,Río Negro,Mtro. Ramos Mexia
Argentina,Río Negro,Nahuel Niyeu
Argentina,Río Negro,Naupa Huen
Argentina,Río Negro,Ñorquinco
Argentina,Río Negro,Ojos de Agua
Argentina,Río Negro,Paso de Agua
Argentina,Río Negro,Paso Flores
Argentina,Río Negro,Peñas Blancas
Argentina,Río Negro,Pichi Mahuida
Argentina,Río Negro,Pilcaniyeu
Argentina,Río Negro,Pomona
Argentina,Río Negro,Prahuaniyeu
Argentina,Río Negro,Rincón Treneta
Argentina,Río Negro,Río Chico
Argentina,Río Negro,Río Colorado
Argentina,Río Negro,Roca
Argentina,Río Negro,San Antonio Oeste
Argentina,Río Negro,San Javier
Argentina,Río Negro,Sierra Colorada
Argentina,Río Negro,Sierra Grande
Argentina,Río Negro,Sierra Pailemán
Argentina,Río Negro,Valcheta
Argentina,Río Negro,Valle Azul
Argentina,Río Negro,Viedma
Argentina,Río Negro,Villa Llanquín
Argentina,Río Negro,Villa Mascardi
Argentina,Río Negro,Villa Regina
Argentina,Río Negro,Yaminué
Argentina,Salta,A. Saravia
Argentina,Salta,Aguaray
Argentina,Salta,Angastaco
Argentina,Salta,Animaná
Argentina,Salta,Cachi
Argentina,Salta,Cafayate
Argentina,Salta,Campo Quijano
Argentina,Salta,Campo Santo
Argentina,Salta,Capital
Argentina,Salta,Cerrillos
Argentina,Salta,Chicoana
Argentina,Salta,Col. Sta. Rosa
Argentina,Salta,Coronel Moldes
Argentina,Salta,El Bordo
Argentina,Salta,El Carril
Argentina,Salta,El Galpón
Argentina,Salta,El Jardín
Argentina,Salta,El Potrero
Argentina,Salta,El Quebrachal
Argentina,Salta,El Tala
Argentina,Salta,Embarcación
Argentina,Salta,Gral. Ballivian
Argentina,Salta,Gral. Güemes
Argentina,Salta,Gral. Mosconi
Argentina,Salta,Gral. Pizarro
Argentina,Salta,Guachipas
Argentina,Salta,Hipólito Yrigoyen
Argentina,Salta,Iruyá
Argentina,Salta,Isla De Cañas
Argentina,Salta,J. V. Gonzalez
Argentina,Salta,La Caldera
Argentina,Salta,La Candelaria
Argentina,Salta,La Merced
Argentina,Salta,La Poma
Argentina,Salta,La Viña
Argentina,Salta,Las Lajitas
Argentina,Salta,Los Toldos
Argentina,Salta,Metán
Argentina,Salta,Molinos
Argentina,Salta,Nazareno
Argentina,Salta,Orán
Argentina,Salta,Payogasta
Argentina,Salta,Pichanal
Argentina,Salta,Prof. S. Mazza
Argentina,Salta,Río Piedras
Argentina,Salta,Rivadavia Banda Norte
Argentina,Salta,Rivadavia Banda Sur
Argentina,Salta,Rosario de La Frontera
Argentina,Salta,Rosario de Lerma
Argentina,Salta,Saclantás
Argentina,Salta,Salta
Argentina,Salta,San Antonio
Argentina,Salta,San Carlos
Argentina,Salta,San José De Metán
Argentina,Salta,San Ramón
Argentina,Salta,Santa Victoria E.
Argentina,Salta,Santa Victoria O.
Argentina,Salta,Tartagal
Argentina,Salta,Tolar Grande
Argentina,Salta,Urundel
Argentina,Salta,Vaqueros
Argentina,Salta,Villa San Lorenzo
Argentina,San Juan,Albardón
Argentina,San Juan,Angaco
Argentina,San Juan,Calingasta
Argentina,San Juan,Capital
Argentina,San Juan,Caucete
Argentina,San Juan,Chimbas
Argentina,San Juan,Iglesia
Argentina,San Juan,Jachal
Argentina,San Juan,Nueve de Julio
Argentina,San Juan,Pocito
Argentina,San Juan,Rawson
Argentina,San Juan,Rivadavia
Argentina,San Juan,San Juan
Argentina,San Juan,San Martín
Argentina,San Juan,Santa Lucía
Argentina,San Juan,Sarmiento
Argentina,San Juan,Ullum
Argentina,San Juan,Valle Fértil
Argentina,San Juan,Veinticinco de Mayo
Argentina,San Juan,Zonda
Argentina,San Luis,Alto Pelado
Argentina,San Luis,Alto Pencoso
Argentina,San Luis,Anchorena
Argentina,San Luis,Arizona
Argentina,San Luis,Bagual
Argentina,San Luis,Balde
Argentina,San Luis,Batavia
Argentina,San Luis,Beazley
Argentina,San Luis,Buena Esperanza
Argentina,San Luis,Candelaria
Argentina,San Luis,Capital
Argentina,San Luis,Carolina
Argentina,San Luis,Carpintería
Argentina,San Luis,Concarán
Argentina,San Luis,Cortaderas
Argentina,San Luis,El Morro
Argentina,San Luis,El Trapiche
Argentina,San Luis,El Volcán
Argentina,San Luis,Fortín El Patria
Argentina,San Luis,Fortuna
Argentina,San Luis,Fraga
Argentina,San Luis,Juan Jorba
Argentina,San Luis,Juan Llerena
Argentina,San Luis,Juana Koslay
Argentina,San Luis,Justo Daract
Argentina,San Luis,La Calera
Argentina,San Luis,La Florida
Argentina,San Luis,La Punilla
Argentina,San Luis,La Toma
Argentina,San Luis,Lafinur
Argentina,San Luis,Las Aguadas
Argentina,San Luis,Las Chacras
Argentina,San Luis,Las Lagunas
Argentina,San Luis,Las Vertientes
Argentina,San Luis,Lavaisse
Argentina,San Luis,Leandro N. Alem
Argentina,San Luis,Los Molles
Argentina,San Luis,Luján
Argentina,San Luis,Mercedes
Argentina,San Luis,Merlo
Argentina,San Luis,Naschel
Argentina,San Luis,Navia
Argentina,San Luis,Nogolí
Argentina,San Luis,Nueva Galia
Argentina,San Luis,Papagayos
Argentina,San Luis,Paso Grande
Argentina,San Luis,Potrero de Los Funes
Argentina,San Luis,Quines
Argentina,San Luis,Renca
Argentina,San Luis,Saladillo
Argentina,San Luis,San Francisco
Argentina,San Luis,San Gerónimo
Argentina,San Luis,San Martín
Argentina,San Luis,San Pablo
Argentina,San Luis,Santa Rosa de Conlara
Argentina,San Luis,Talita
Argentina,San Luis,Tilisarao
Argentina,San Luis,Unión
Argentina,San Luis,Villa de La Quebrada
Argentina,San Luis,Villa de Praga
Argentina,San Luis,Villa del Carmen
Argentina,San Luis,Villa Gral. Roca
Argentina,San Luis,Villa Larca
Argentina,San Luis,Villa Mercedes
Argentina,San Luis,Zanjitas
Argentina,Santa Cruz,Calafate
Argentina,Santa Cruz,Caleta Olivia
Argentina,Santa Cruz,Cañadón Seco
Argentina,Santa Cruz,Comandante Piedrabuena
Argentina,Santa Cruz,El Calafate
Argentina,Santa Cruz,El Chaltén
Argentina,Santa Cruz,Gdor. Gregores
Argentina,Santa Cruz,Hipólito Yrigoyen
Argentina,Santa Cruz,Jaramillo
Argentina,Santa Cruz,Koluel Kaike
Argentina,Santa Cruz,Las Heras
Argentina,Santa Cruz,Los Antiguos
Argentina,Santa Cruz,Perito Moreno
Argentina,Santa Cruz,Pico Truncado
Argentina,Santa Cruz,Pto. Deseado
Argentina,Santa Cruz,Pto. San Julián
Argentina,Santa Cruz,Pto. Santa Cruz
Argentina,Santa Cruz,Río Cuarto
Argentina,Santa Cruz,Río Gallegos
Argentina,Santa Cruz,Río Turbio
Argentina,Santa Cruz,Tres Lagos
Argentina,Santa Cruz,Veintiocho De Noviembre
Argentina,Santa Fe,Aarón Castellanos
Argentina,Santa Fe,Acebal
Argentina,Santa Fe,Aguará Grande
Argentina,Santa Fe,Albarellos
Argentina,Santa Fe,Alcorta
Argentina,Santa Fe,Aldao
Argentina,Santa Fe,Alejandra
Argentina,Santa Fe,Álvarez
Argentina,Santa Fe,Ambrosetti
Argentina,Santa Fe,Amenábar
Argentina,Santa Fe,Angélica
Argentina,Santa Fe,Angeloni
Argentina,Santa Fe,Arequito
Argentina,Santa Fe,Arminda
Argentina,Santa Fe,Armstrong
Argentina,Santa Fe,Arocena
Argentina,Santa Fe,Arroyo Aguiar
Argentina,Santa Fe,Arroyo Ceibal
Argentina,Santa Fe,Arroyo Leyes
Argentina,Santa Fe,Arroyo Seco
Argentina,Santa Fe,Arrufó
Argentina,Santa Fe,Arteaga
Argentina,Santa Fe,Ataliva
Argentina,Santa Fe,Aurelia
Argentina,Santa Fe,Avellaneda
Argentina,Santa Fe,Barrancas
Argentina,Santa Fe,Bauer Y Sigel
Argentina,Santa Fe,Bella Italia
Argentina,Santa Fe,Berabevú
Argentina,Santa Fe,Berna
Argentina,Santa Fe,Bernardo de Irigoyen
Argentina,Santa Fe,Bigand
Argentina,Santa Fe,Bombal
Argentina,Santa Fe,Bouquet
Argentina,Santa Fe,Bustinza
Argentina,Santa Fe,Cabal
Argentina,Santa Fe,Cacique Ariacaiquin
Argentina,Santa Fe,Cafferata
Argentina,Santa Fe,Calchaquí
Argentina,Santa Fe,Campo Andino
Argentina,Santa Fe,Campo Piaggio
Argentina,Santa Fe,Cañada de Gómez
Argentina,Santa Fe,Cañada del Ucle
Argentina,Santa Fe,Cañada Rica
Argentina,Santa Fe,Cañada Rosquín
Argentina,Santa Fe,Candioti
Argentina,Santa Fe,Capital
Argentina,Santa Fe,Capitán Bermúdez
Argentina,Santa Fe,Capivara
Argentina,Santa Fe,Carcarañá
Argentina,Santa Fe,Carlos Pellegrini
Argentina,Santa Fe,Carmen
Argentina,Santa Fe,Carmen Del Sauce
Argentina,Santa Fe,Carreras
Argentina,Santa Fe,Carrizales
Argentina,Santa Fe,Casalegno
Argentina,Santa Fe,Casas
Argentina,Santa Fe,Casilda
Argentina,Santa Fe,Castelar
Argentina,Santa Fe,Castellanos
Argentina,Santa Fe,Cayastá
Argentina,Santa Fe,Cayastacito
Argentina,Santa Fe,Centeno
Argentina,Santa Fe,Cepeda
Argentina,Santa Fe,Ceres
Argentina,Santa Fe,Chabás
Argentina,Santa Fe,Chañar Ladeado
Argentina,Santa Fe,Chapuy
Argentina,Santa Fe,Chovet
Argentina,Santa Fe,Christophersen
Argentina,Santa Fe,Classon
Argentina,Santa Fe,Cnel. Arnold
Argentina,Santa Fe,Cnel. Bogado
Argentina,Santa Fe,Cnel. Dominguez
Argentina,Santa Fe,Cnel. Fraga
Argentina,Santa Fe,Col. Aldao
Argentina,Santa Fe,Col. Ana
Argentina,Santa Fe,Col. Belgrano
Argentina,Santa Fe,Col. Bicha
Argentina,Santa Fe,Col. Bigand
Argentina,Santa Fe,Col. Bossi
Argentina,Santa Fe,Col. Cavour
Argentina,Santa Fe,Col. Cello
Argentina,Santa Fe,Col. Dolores
Argentina,Santa Fe,Col. Dos Rosas
Argentina,Santa Fe,Col. Durán
Argentina,Santa Fe,Col. Iturraspe
Argentina,Santa Fe,Col. Margarita
Argentina,Santa Fe,Col. Mascias
Argentina,Santa Fe,Col. Raquel
Argentina,Santa Fe,Col. Rosa
Argentina,Santa Fe,Col. San José
Argentina,Santa Fe,Constanza
Argentina,Santa Fe,Coronda
Argentina,Santa Fe,Correa
Argentina,Santa Fe,Crispi
Argentina,Santa Fe,Cululú
Argentina,Santa Fe,Curupayti
Argentina,Santa Fe,Desvio Arijón
Argentina,Santa Fe,Diaz
Argentina,Santa Fe,Diego de Alvear
Argentina,Santa Fe,Egusquiza
Argentina,Santa Fe,El Arazá
Argentina,Santa Fe,El Rabón
Argentina,Santa Fe,El Sombrerito
Argentina,Santa Fe,El Trébol
Argentina,Santa Fe,Elisa
Argentina,Santa Fe,Elortondo
Argentina,Santa Fe,Emilia
Argentina,Santa Fe,Empalme San Carlos
Argentina,Santa Fe,Empalme Villa Constitucion
Argentina,Santa Fe,Esmeralda
Argentina,Santa Fe,Esperanza
Argentina,Santa Fe,Estación Alvear
Argentina,Santa Fe,Estacion Clucellas
Argentina,Santa Fe,Esteban Rams
Argentina,Santa Fe,Esther
Argentina,Santa Fe,Esustolia
Argentina,Santa Fe,Eusebia
Argentina,Santa Fe,Felicia
Argentina,Santa Fe,Fidela
Argentina,Santa Fe,Fighiera
Argentina,Santa Fe,Firmat
Argentina,Santa Fe,Florencia
Argentina,Santa Fe,Fortín Olmos
Argentina,Santa Fe,Franck
Argentina,Santa Fe,Fray Luis Beltrán
Argentina,Santa Fe,Frontera
Argentina,Santa Fe,Fuentes
Argentina,Santa Fe,Funes
Argentina,Santa Fe,Gaboto
Argentina,Santa Fe,Galisteo
Argentina,Santa Fe,Gálvez
Argentina,Santa Fe,Garabalto
Argentina,Santa Fe,Garibaldi
Argentina,Santa Fe,Gato Colorado
Argentina,Santa Fe,Gdor. Crespo
Argentina,Santa Fe,Gessler
Argentina,Santa Fe,Godoy
Argentina,Santa Fe,Golondrina
Argentina,Santa Fe,Gral. Gelly
Argentina,Santa Fe,Gral. Lagos
Argentina,Santa Fe,Granadero Baigorria
Argentina,Santa Fe,Gregoria Perez De Denis
Argentina,Santa Fe,Grutly
Argentina,Santa Fe,Guadalupe N.
Argentina,Santa Fe,Gödeken
Argentina,Santa Fe,Helvecia
Argentina,Santa Fe,Hersilia
Argentina,Santa Fe,Hipatía
Argentina,Santa Fe,Huanqueros
Argentina,Santa Fe,Hugentobler
Argentina,Santa Fe,Hughes
Argentina,Santa Fe,Humberto 1º
Argentina,Santa Fe,Humboldt
Argentina,Santa Fe,Ibarlucea
Argentina,Santa Fe,Ing. Chanourdie
Argentina,Santa Fe,Intiyaco
Argentina,Santa Fe,Ituzaingó
Argentina,Santa Fe,Jacinto L. Aráuz
Argentina,Santa Fe,Josefina
Argentina,Santa Fe,Juan B. Molina
Argentina,Santa Fe,Juan de Garay
Argentina,Santa Fe,Juncal
Argentina,Santa Fe,La Brava
Argentina,Santa Fe,La Cabral
Argentina,Santa Fe,La Camila
Argentina,Santa Fe,La Chispa
Argentina,Santa Fe,La Clara
Argentina,Santa Fe,La Criolla
Argentina,Santa Fe,La Gallareta
Argentina,Santa Fe,La Lucila
Argentina,Santa Fe,La Pelada
Argentina,Santa Fe,La Penca
Argentina,Santa Fe,La Rubia
Argentina,Santa Fe,La Sarita
Argentina,Santa Fe,La Vanguardia
Argentina,Santa Fe,Labordeboy
Argentina,Santa Fe,Laguna Paiva
Argentina,Santa Fe,Landeta
Argentina,Santa Fe,Lanteri
Argentina,Santa Fe,Larrechea
Argentina,Santa Fe,Las Avispas
Argentina,Santa Fe,Las Bandurrias
Argentina,Santa Fe,Las Garzas
Argentina,Santa Fe,Las Palmeras
Argentina,Santa Fe,Las Parejas
Argentina,Santa Fe,Las Petacas
Argentina,Santa Fe,Las Rosas
Argentina,Santa Fe,Las Toscas
Argentina,Santa Fe,Las Tunas
Argentina,Santa Fe,Lazzarino
Argentina,Santa Fe,Lehmann
Argentina,Santa Fe,Llambi Campbell
Argentina,Santa Fe,Logroño
Argentina,Santa Fe,Loma Alta
Argentina,Santa Fe,López
Argentina,Santa Fe,Los Amores
Argentina,Santa Fe,Los Cardos
Argentina,Santa Fe,Los Laureles
Argentina,Santa Fe,Los Molinos
Argentina,Santa Fe,Los Quirquinchos
Argentina,Santa Fe,Lucio V. Lopez
Argentina,Santa Fe,Luis Palacios
Argentina,Santa Fe,Ma. Juana
Argentina,Santa Fe,Ma. Luisa
Argentina,Santa Fe,Ma. Susana
Argentina,Santa Fe,Ma. Teresa
Argentina,Santa Fe,Maciel
Argentina,Santa Fe,Maggiolo
Argentina,Santa Fe,Malabrigo
Argentina,Santa Fe,Marcelino Escalada
Argentina,Santa Fe,Margarita
Argentina,Santa Fe,Matilde
Argentina,Santa Fe,Mauá
Argentina,Santa Fe,Máximo Paz
Argentina,Santa Fe,Melincué
Argentina,Santa Fe,Miguel Torres
Argentina,Santa Fe,Moisés Ville
Argentina,Santa Fe,Monigotes
Argentina,Santa Fe,Monje
Argentina,Santa Fe,Monte Obscuridad
Argentina,Santa Fe,Monte Vera
Argentina,Santa Fe,Montefiore
Argentina,Santa Fe,Montes de Oca
Argentina,Santa Fe,Murphy
Argentina,Santa Fe,Ñanducita
Argentina,Santa Fe,Naré
Argentina,Santa Fe,Nelson
Argentina,Santa Fe,Nicanor E. Molinas
Argentina,Santa Fe,Nuevo Torino
Argentina,Santa Fe,Oliveros
Argentina,Santa Fe,Palacios
Argentina,Santa Fe,Pavón
Argentina,Santa Fe,Pavón Arriba
Argentina,Santa Fe,Pedro Gómez Cello
Argentina,Santa Fe,Pérez
Argentina,Santa Fe,Peyrano
Argentina,Santa Fe,Piamonte
Argentina,Santa Fe,Pilar
Argentina,Santa Fe,Piñero
Argentina,Santa Fe,Plaza Clucellas
Argentina,Santa Fe,Portugalete
Argentina,Santa Fe,Pozo Borrado
Argentina,Santa Fe,Progreso
Argentina,Santa Fe,Providencia
Argentina,Santa Fe,Pte. Roca
Argentina,Santa Fe,Pueblo Andino
Argentina,Santa Fe,Pueblo Esther
Argentina,Santa Fe,Pueblo Gral. San Martín
Argentina,Santa Fe,Pueblo Irigoyen
Argentina,Santa Fe,Pueblo Marini
Argentina,Santa Fe,Pueblo Muñoz
Argentina,Santa Fe,Pueblo Uranga
Argentina,Santa Fe,Pujato
Argentina,Santa Fe,Pujato N.
Argentina,Santa Fe,Rafaela
Argentina,Santa Fe,Ramayón
Argentina,Santa Fe,Ramona
Argentina,Santa Fe,Reconquista
Argentina,Santa Fe,Recreo
Argentina,Santa Fe,Ricardone
Argentina,Santa Fe,Rivadavia
Argentina,Santa Fe,Roldán
Argentina,Santa Fe,Romang
Argentina,Santa Fe,Rosario
Argentina,Santa Fe,Rueda
Argentina,Santa Fe,Rufino
Argentina,Santa Fe,Sa Pereira
Argentina,Santa Fe,Saguier
Argentina,Santa Fe,Saladero M. Cabal
Argentina,Santa Fe,Salto Grande
Argentina,Santa Fe,San Agustín
Argentina,Santa Fe,San Antonio de Obligado
Argentina,Santa Fe,San Bernardo (N.J.)
Argentina,Santa Fe,San Bernardo (S.J.)
Argentina,Santa Fe,San Carlos Centro
Argentina,Santa Fe,San Carlos N.
Argentina,Santa Fe,San Carlos S.
Argentina,Santa Fe,San Cristóbal
Argentina,Santa Fe,San Eduardo
Argentina,Santa Fe,San Eugenio
Argentina,Santa Fe,San Fabián
Argentina,Santa Fe,San Fco. de Santa Fé
Argentina,Santa Fe,San Genaro
Argentina,Santa Fe,San Genaro N.
Argentina,Santa Fe,San Gregorio
Argentina,Santa Fe,San Guillermo
Argentina,Santa Fe,San Javier
Argentina,Santa Fe,San Jerónimo del Sauce
Argentina,Santa Fe,San Jerónimo N.
Argentina,Santa Fe,San Jerónimo S.
Argentina,Santa Fe,San Jorge
Argentina,Santa Fe,San José de La Esquina
Argentina,Santa Fe,San José del Rincón
Argentina,Santa Fe,San Justo
Argentina,Santa Fe,San Lorenzo
Argentina,Santa Fe,San Mariano
Argentina,Santa Fe,San Martín de Las Escobas
Argentina,Santa Fe,San Martín N.
Argentina,Santa Fe,San Vicente
Argentina,Santa Fe,Sancti Spititu
Argentina,Santa Fe,Sanford
Argentina,Santa Fe,Santo Domingo
Argentina,Santa Fe,Santo Tomé
Argentina,Santa Fe,Santurce
Argentina,Santa Fe,Sargento Cabral
Argentina,Santa Fe,Sarmiento
Argentina,Santa Fe,Sastre
Argentina,Santa Fe,Sauce Viejo
Argentina,Santa Fe,Serodino
Argentina,Santa Fe,Silva
Argentina,Santa Fe,Soldini
Argentina,Santa Fe,Soledad
Argentina,Santa Fe,Soutomayor
Argentina,Santa Fe,Sta. Clara de Buena Vista
Argentina,Santa Fe,Sta. Clara de Saguier
Argentina,Santa Fe,Sta. Isabel
Argentina,Santa Fe,Sta. Margarita
Argentina,Santa Fe,Sta. Maria Centro
Argentina,Santa Fe,Sta. María N.
Argentina,Santa Fe,Sta. Rosa
Argentina,Santa Fe,Sta. Teresa
Argentina,Santa Fe,Suardi
Argentina,Santa Fe,Sunchales
Argentina,Santa Fe,Susana
Argentina,Santa Fe,Tacuarendí
Argentina,Santa Fe,Tacural
Argentina,Santa Fe,Tartagal
Argentina,Santa Fe,Teodelina
Argentina,Santa Fe,Theobald
Argentina,Santa Fe,Timbúes
Argentina,Santa Fe,Toba
Argentina,Santa Fe,Tortugas
Argentina,Santa Fe,Tostado
Argentina,Santa Fe,Totoras
Argentina,Santa Fe,Traill
Argentina,Santa Fe,Venado Tuerto
Argentina,Santa Fe,Vera
Argentina,Santa Fe,Vera y Pintado
Argentina,Santa Fe,Videla
Argentina,Santa Fe,Vila
Argentina,Santa Fe,Villa Amelia
Argentina,Santa Fe,Villa Ana
Argentina,Santa Fe,Villa Cañas
Argentina,Santa Fe,Villa Constitución
Argentina,Santa Fe,Villa Eloísa
Argentina,Santa Fe,Villa Gdor. Gálvez
Argentina,Santa Fe,Villa Guillermina
Argentina,Santa Fe,Villa Minetti
Argentina,Santa Fe,Villa Mugueta
Argentina,Santa Fe,Villa Ocampo
Argentina,Santa Fe,Villa San José
Argentina,Santa Fe,Villa Saralegui
Argentina,Santa Fe,Villa Trinidad
Argentina,Santa Fe,Villada
Argentina,Santa Fe,Virginia
Argentina,Santa Fe,Wheelwright
Argentina,Santa Fe,Zavalla
Argentina,Santa Fe,Zenón Pereira
Argentina,Santiago del Estero,Añatuya
Argentina,Santiago del Estero,Árraga
Argentina,Santiago del Estero,Bandera
Argentina,Santiago del Estero,Bandera Bajada
Argentina,Santiago del Estero,Beltrán
Argentina,Santiago del Estero,Brea Pozo
Argentina,Santiago del Estero,Campo Gallo
Argentina,Santiago del Estero,Capital
Argentina,Santiago del Estero,Chilca Juliana
Argentina,Santiago del Estero,Choya
Argentina,Santiago del Estero,Clodomira
Argentina,Santiago del Estero,Col. Alpina
Argentina,Santiago del Estero,Col. Dora
Argentina,Santiago del Estero,Col. El Simbolar Robles
Argentina,Santiago del Estero,El Bobadal
Argentina,Santiago del Estero,El Charco
Argentina,Santiago del Estero,El Mojón
Argentina,Santiago del Estero,Estación Atamisqui
Argentina,Santiago del Estero,Estación Simbolar
Argentina,Santiago del Estero,Fernández
Argentina,Santiago del Estero,Fortín Inca
Argentina,Santiago del Estero,Frías
Argentina,Santiago del Estero,Garza
Argentina,Santiago del Estero,Gramilla
Argentina,Santiago del Estero,Guardia Escolta
Argentina,Santiago del Estero,Herrera
Argentina,Santiago del Estero,Icaño
Argentina,Santiago del Estero,Ing. Forres
Argentina,Santiago del Estero,La Banda
Argentina,Santiago del Estero,La Cañada
Argentina,Santiago del Estero,Laprida
Argentina,Santiago del Estero,Lavalle
Argentina,Santiago del Estero,Loreto
Argentina,Santiago del Estero,Los Juríes
Argentina,Santiago del Estero,Los Núñez
Argentina,Santiago del Estero,Los Pirpintos
Argentina,Santiago del Estero,Los Quiroga
Argentina,Santiago del Estero,Los Telares
Argentina,Santiago del Estero,Lugones
Argentina,Santiago del Estero,Malbrán
Argentina,Santiago del Estero,Matara
Argentina,Santiago del Estero,Medellín
Argentina,Santiago del Estero,Monte Quemado
Argentina,Santiago del Estero,Nueva Esperanza
Argentina,Santiago del Estero,Nueva Francia
Argentina,Santiago del Estero,Palo Negro
Argentina,Santiago del Estero,Pampa de Los Guanacos
Argentina,Santiago del Estero,Pinto
Argentina,Santiago del Estero,Pozo Hondo
Argentina,Santiago del Estero,Quimilí
Argentina,Santiago del Estero,Real Sayana
Argentina,Santiago del Estero,Sachayoj
Argentina,Santiago del Estero,San Pedro de Guasayán
Argentina,Santiago del Estero,Selva
Argentina,Santiago del Estero,Sol de Julio
Argentina,Santiago del Estero,Sumampa
Argentina,Santiago del Estero,Suncho Corral
Argentina,Santiago del Estero,Taboada
Argentina,Santiago del Estero,Tapso
Argentina,Santiago del Estero,Termas de Rio Hondo
Argentina,Santiago del Estero,Tintina
Argentina,Santiago del Estero,Tomas Young
Argentina,Santiago del Estero,Vilelas
Argentina,Santiago del Estero,Villa Atamisqui
Argentina,Santiago del Estero,Villa La Punta
Argentina,Santiago del Estero,Villa Ojo de Agua
Argentina,Santiago del Estero,Villa Río Hondo
Argentina,Santiago del Estero,Villa Salavina
Argentina,Santiago del Estero,Villa Unión
Argentina,Santiago del Estero,Vilmer
Argentina,Santiago del Estero,Weisburd
Argentina,Tierra del Fuego,Río Grande
Argentina,Tierra del Fuego,Tolhuin
Argentina,Tierra del Fuego,Ushuaia
Argentina,Tucumán,Acheral
Argentina,Tucumán,Agua Dulce
Argentina,Tucumán,Aguilares
Argentina,Tucumán,Alderetes
Argentina,Tucumán,Alpachiri
Argentina,Tucumán,Alto Verde
Argentina,Tucumán,Amaicha del Valle
Argentina,Tucumán,Amberes
Argentina,Tucumán,Ancajuli
Argentina,Tucumán,Arcadia
Argentina,Tucumán,Atahona
Argentina,Tucumán,Banda del Río Sali
Argentina,Tucumán,Bella Vista
Argentina,Tucumán,Buena Vista
Argentina,Tucumán,Burruyacú
Argentina,Tucumán,Capitán Cáceres
Argentina,Tucumán,Cevil Redondo
Argentina,Tucumán,Choromoro
Argentina,Tucumán,Ciudacita
Argentina,Tucumán,Colalao del Valle
Argentina,Tucumán,Colombres
Argentina,Tucumán,Concepción
Argentina,Tucumán,Delfín Gallo
Argentina,Tucumán,El Bracho
Argentina,Tucumán,El Cadillal
Argentina,Tucumán,El Cercado
Argentina,Tucumán,El Chañar
Argentina,Tucumán,El Manantial
Argentina,Tucumán,El Mojón
Argentina,Tucumán,El Mollar
Argentina,Tucumán,El Naranjito
Argentina,Tucumán,El Naranjo
Argentina,Tucumán,El Polear
Argentina,Tucumán,El Puestito
Argentina,Tucumán,El Sacrificio
Argentina,Tucumán,El Timbó
Argentina,Tucumán,Escaba
Argentina,Tucumán,Esquina
Argentina,Tucumán,Estación Aráoz
Argentina,Tucumán,Famaillá
Argentina,Tucumán,Gastone
Argentina,Tucumán,Gdor. Garmendia
Argentina,Tucumán,Gdor. Piedrabuena
Argentina,Tucumán,Graneros
Argentina,Tucumán,Huasa Pampa
Argentina,Tucumán,J. B. Alberdi
Argentina,Tucumán,La Cocha
Argentina,Tucumán,La Esperanza
Argentina,Tucumán,La Florida
Argentina,Tucumán,La Ramada
Argentina,Tucumán,La Trinidad
Argentina,Tucumán,Lamadrid
Argentina,Tucumán,Las Cejas
Argentina,Tucumán,Las Talas
Argentina,Tucumán,Las Talitas
Argentina,Tucumán,Los Bulacio
Argentina,Tucumán,Los Gómez
Argentina,Tucumán,Los Nogales
Argentina,Tucumán,Los Pereyra
Argentina,Tucumán,Los Pérez
Argentina,Tucumán,Los Puestos
Argentina,Tucumán,Los Ralos
Argentina,Tucumán,Los Sarmientos
Argentina,Tucumán,Los Sosa
Argentina,Tucumán,Lules
Argentina,Tucumán,M. García Fernández
Argentina,Tucumán,Manuela Pedraza
Argentina,Tucumán,Medinas
Argentina,Tucumán,Monte Bello
Argentina,Tucumán,Monteagudo
Argentina,Tucumán,Monteros
Argentina,Tucumán,Padre Monti
Argentina,Tucumán,Pampa Mayo
Argentina,Tucumán,Quilmes
Argentina,Tucumán,Raco
Argentina,Tucumán,Ranchillos
Argentina,Tucumán,Río Chico
Argentina,Tucumán,Río Colorado
Argentina,Tucumán,Río Seco
Argentina,Tucumán,Rumi Punco
Argentina,Tucumán,San Andrés
Argentina,Tucumán,San Felipe
Argentina,Tucumán,San Ignacio
Argentina,Tucumán,San Javier
Argentina,Tucumán,San José
Argentina,Tucumán,San Miguel de Tucumán
Argentina,Tucumán,San Pedro
Argentina,Tucumán,San Pedro de Colalao
Argentina,Tucumán,Santa Rosa de Leales
Argentina,Tucumán,Sgto. Moya
Argentina,Tucumán,Siete de Abril
Argentina,Tucumán,Simoca
Argentina,Tucumán,Soldado Maldonado
Argentina,Tucumán,Sta. Ana
Argentina,Tucumán,Sta. Cruz
Argentina,Tucumán,Sta. Lucía
Argentina,Tucumán,Taco Ralo
Argentina,Tucumán,Tafí del Valle
Argentina,Tucumán,Tafí Viejo
Argentina,Tucumán,Tapia
Argentina,Tucumán,Teniente Berdina
Argentina,Tucumán,Trancas
Argentina,Tucumán,Villa Belgrano
Argentina,Tucumán,Villa Benjamín Araoz
Argentina,Tucumán,Villa Chiligasta
Argentina,Tucumán,Villa de Leales
Argentina,Tucumán,Villa Quinteros
Argentina,Tucumán,Yánima
Argentina,Tucumán,Yerba Buena
Argentina,Tucumán,Yerba Buena (S)
